id	name	moves (move@level, in Kaizo's order)
0	-----	
1	BULBASAUR	Poison Sting@1	Vine Whip@3	Tackle@7	Rock Throw@9	Acid@13	Razor Leaf@13	Headbutt@15	Sludge@19	Magical Leaf@21	PoisonPowder@25	Double-Edge@27	Sludge Bomb@31	Energy Ball@33	Sleep Powder@37
2	IVYSAUR	Bullet Seed@1	Sweet Scent@1	Poison Sting@1	Vine Whip@3	Tackle@8	Acid@9	Rock Throw@13	Razor Leaf@13	Headbutt@16	Sludge@20	Magical Leaf@23	PoisonPowder@28	Double-Edge@36	Sludge Bomb@36	Energy Ball@39	Sleep Powder@44
3	VENUSAUR	Tackle@1	Rock Slide@1	Earthquake@1	Gunk Shot@1	Sweet Scent@3	Wrap@7	Power Whip@9	Acid@13	Rock Throw@13	Razor Leaf@15	Body Slam@20	Sludge@23	Magical Leaf@28	PoisonPowder@31	Roar@32	Sludge Bomb@39	Energy Ball@45	Sleep Powder@53
4	CHARMANDER	Scratch@1	Bite@1	Ember@2	Bite@10	Metal Claw@16	Roar@19	Dragon Claw@25	Dragon Pulse@28	Flamethrower@34	Dragon Rage@37
5	CHARMELEON	Scratch@1	Bite@1	Ember@1	Slash@7	Metal Claw@10	Flame Wheel@17	Roar@21	Crunch@28	Take Down@32	SmokeScreen@39	Flamethrower@43
6	CHARIZARD	Dragon Rage@1	Shadow Claw@1	Heat Wave@1	Earthquake@1	Flare Blitz@1	Fire Spin@1	Slash@1	Metal Claw@7	Crunch@10	Fire Fang@17	Wing Attack@21	Dragon Claw@28	Steel Wing@32	Fire Punch@36	Air Slash@42	Dragon Pulse@49	Seismic Toss@59	Flamethrower@66
7	SQUIRTLE	Tackle@1	Water Gun@4	Bite@7	Powder Snow@10	Headbutt@13	BubbleBeam@18	Seismic Toss@19	Ice Punch@22	Body Slam@25	Aqua Tail@28	Crunch@31	Ice Beam@34	Brick Break@37	Hydro Pump@40
8	WARTORTLE	Bubble@1	Water Pulse@1	Tackle@1	Bite@4	Water Gun@7	Headbutt@10	Ice Fang@13	Seismic Toss@16	BubbleBeam@20	Body Slam@24	Ice Punch@28	Crunch@32	Dive@36	Brick Break@40	Ice Beam@44	Hydro Pump@48
9	BLASTOISE	Flash Cannon@1	Tackle@1	Tackle@1	Bubble@1	Crunch@1	Water Gun@4	Bite@7	Headbutt@10	Aurora Beam@13	BubbleBeam@16	Iron Head@20	Body Slam@24	Ice Punch@28	Water Pulse@36	Aqua Tail@42	Dark Pulse@46	Ice Beam@53	Hydro Pump@60
10	CATERPIE	Tackle@1	Bug Bite@1	String Shot@5
11	METAPOD	Bug Bite@1	Harden@7
12	BUTTERFREE	Aerial Ace@1	Signal Beam@1	Confusion@10	PoisonPowder@12	Gust@12	Bug Bite@16	Stun Spore@18	Supersonic@22	Psybeam@24	Silver Wind@28	Sleep Powder@30	Safeguard@34	Air Slash@36	Bug Buzz@40
13	WEEDLE	Bug Bite@1	Poison Sting@1	String Shot@5
14	KAKUNA	Poison Sting@1	Harden@5
15	BEEDRILL	Rage@1	Bug Buzz@1	Megahorn@1	Pin Missile@10	Fury Attack@11	Roar@12	Endeavor@15	Poison Jab@18	Assurance@21	Twineedle@27	Cross Poison@28	U-turn@30	Pursuit@35	Drill Run@40	Roar@42
16	PIDGEY	Tackle@1	Peck@5	Mud-Slap@9	Gust@13	Secret Power@17	Twister@21	Wing Attack@25	Whirlwind@29	Double-Edge@33	Steel Wing@37	Brave Bird@41	Mirror Move@45	Quick Attack@49
17	PIDGEOTTO	Tackle@1	Sand-Attack@1	Gust@1	Peck@5	Mud-Slap@9	Gust@13	Secret Power@17	Whirlwind@22	Wing Attack@27	Roar@32	Double-Edge@37	Brave Bird@42	Steel Wing@47	Mirror Move@52	Quick Attack@57
18	PIDGEOT	Double-Edge@1	Sand-Attack@1	Gust@1	Air Slash@1	Peck@5	Mud-Slap@9	Gust@13	Secret Power@17	Twister@22	Wing Attack@27	Whirlwind@32	Twister@38	Steel Wing@44	Brave Bird@60	Mirror Move@65	ExtremeSpeed@72
19	RATTATA	Tackle@1	Endeavor@1	Quick Attack@4	Astonish@7	Bite@10	Hyper Fang@13	Focus Energy@16	Crunch@22	Double-Edge@30	Super Fang@33	Sucker Punch@38	Quick Attack@42	Facade@45
20	RATICATE	Endeavor@1	Tackle@1	Dig@1	Quick Attack@1	Focus Energy@1	Quick Attack@4	Bite@7	Pursuit@10	Quick Attack@13	Hyper Fang@16	Assurance@19	Crunch@25	Slash@28	Dig@35	Quick Attack@42	Super Fang@48	Sucker Punch@59
21	SPEAROW	Peck@1	Tackle@1	Fury Attack@5	Faint Attack@9	Aerial Ace@13	Mirror Move@17	Assurance@21	Drill Peck@25	Focus Energy@29	Steel Wing@33	Quick Attack@37
22	FEAROW	Pluck@1	Slash@1	Rage@1	Quick Attack@1	Pluck@1	Pursuit@5	Fury Attack@9	Aerial Ace@13	Mirror Move@17	Assurance@25	Drill Peck@29	Steel Wing@35	Focus Energy@41	Quick Attack@47
23	EKANS	Wrap@1	Acid@1	Glare@4	Mud Bomb@9	Bite@10	Poison Sting@17	Wrap@20	Crunch@25	Earthquake@28	Poison Fang@33	Glare@36	Super Fang@36	Swallow@36	Gunk Shot@41
24	ARBOK	Ice Fang@1	Thunder Fang@1	Fire Fang@1	Wrap@1	Haze@1	Secret Power@1	Pursuit@1	Acid@4	Mud Bomb@9	Glare@12	Bite@17	Poison Sting@20	Wrap@22	Crunch@28	Earthquake@33	Poison Fang@42	Glare@45	Super Fang@48	Swallow@67	Gunk Shot@72
25	PIKACHU	Swift@1	ThunderShock@1	Tackle@5	Thunder Wave@10	Shock Wave@13	Quick Attack@18	Iron Tail@21	Seismic Toss@26	Thunderbolt@29	Thunder Wave@34	Double-Edge@37	Submission@42	Volt Tackle@45
26	RAICHU	Surf@1	Quick Attack@1	Focus Blast@1	Discharge@1	Magnet Rise@78	Focus Blast@85
27	SANDSHREW	Sand-Attack@1	Scratch@3	Metal Claw@7	Poison Sting@9	Dig@13	Slash@17	Rock Throw@19	Gyro Ball@21	Drill Run@25	Rock Slide@27	X-Scissor@31	Earthquake@33	Crush Claw@37
28	SANDSLASH	Body Slam@1	Slash@1	Sand-Attack@1	Sand Tomb@3	Mud-Slap@7	Poison Sting@9	Metal Claw@13	Sand-Attack@15	Aerial Ace@19	Fury Swipes@21	Slash@22	Drill Run@25	Rock Slide@33	Shadow Claw@36	X-Scissor@45	Earthquake@47	Triple Axel@64	Crush Claw@73	Bulldoze@75
29	NIDORAN♀	Poison Sting@1	Scratch@1	Double Kick@7	Bite@9	Sludge@13	Dig@19	Body Slam@21	Drill Run@25	Crunch@31	Toxic@33	Earth Power@37	Poison Fang@43	Shadow Ball@45
30	NIDORINA	Poison Sting@1	Scratch@1	Bite@7	Double Kick@9	Sludge@13	Dig@20	Body Slam@23	Drill Run@28	Poison Jab@35	Drill Peck@38	Earth Power@43	Shadow Claw@50	Poison Fang@58
31	NIDOQUEEN	Thunderbolt@1	Ice Beam@1	Earth Power@1	Superpower@1	Crunch@23	Poison Fang@48	Earthquake@58	Roar@60	Poison Tail@68
32	NIDORAN♂	Acid@1	Tackle@1	Peck@7	Double Kick@9	Poison Sting@13	Fury Attack@19	Earth Power@21	Drill Peck@25	Poison Fang@31	Thrash@33	Punishment@37	Megahorn@43	Head Smash@55
33	NIDORINO	Acid@1	Tackle@1	Peck@7	Double Kick@9	Poison Sting@13	Fury Attack@20	Earth Power@23	Drill Peck@28	Poison Fang@35	Drill Run@38	Megahorn@43	Punishment@50	Head Smash@75
34	NIDOKING	Poison Tail@1	Drill Peck@1	Punishment@1	Double-Edge@1	Poison Jab@23	Megahorn@43	Earthquake@58	Roar@62
35	CLEFAIRY	Pound@1	Swift@1	Lucky Chant@4	Metronome@7	DoubleSlap@10	Seismic Toss@13	Cosmic Power@19	Tri Attack@22	Wake-Up Slap@25	Psychic@28	Lucky Chant@31	Take Down@34	Meteor Mash@37	Shadow Ball@40	Gravity@43	Double-Edge@46
36	CLEFABLE	ThunderPunch@1	Teleport@1	Metronome@1	Tri Attack@1	Air Slash@55
37	VULPIX	Ember@1	Quick Attack@4	Roar@7	Confuse Ray@11	Flame Wheel@14	Payback@17	Aurora Beam@19	Bite@21	Flamethrower@24	Will-O-Wisp@27	Grudge@31	Fire Blast@34	Extrasensory@37	Roar@41	Energy Ball@44	Mystical Fire@50	Blast Burn@68
38	NINETALES	Roar@1	Confuse Ray@1	Fire Blast@1	Imprison@1	Dark Pulse@1	Disable@28	Flamethrower@40	Extrasensory@47
39	JIGGLYPUFF	Pound@1	Sing@5	DoubleSlap@9	Water Pulse@13	Gyro Ball@17	Body Slam@21	Submission@25	Shadow Ball@29	Double-Edge@33	Copycat@37	Explosion@41	Focus Blast@45	Hyper Voice@49	Teleport@52
40	WIGGLYTUFF	Sing@1	Hyper Voice@1	Submission@1	Teleport@1	Explosion@60
41	ZUBAT	Leech Life@1	Supersonic@5	Wing Attack@9	Poison Sting@13	Steel Wing@17	Bite@21	Aerial Ace@25	Poison Jab@29	Confuse Ray@33	Crunch@37	Brave Bird@41	Poison Fang@45
42	GOLBAT	Cross Poison@1	Leech Life@1	Wing Attack@1	Poison Jab@1	Supersonic@5	Wing Attack@9	Poison Jab@13	Steel Wing@17	Whirlwind@21	Aerial Ace@27	Poison Jab@33	Confuse Ray@39	Crunch@45	Brave Bird@65	Poison Fang@70
43	ODDISH	Absorb@1	Sweet Scent@5	Razor Leaf@9	Acid@13	Magical Leaf@15	Stun Spore@17	Sludge@21	Mega Drain@25	Sleep Powder@29	Lucky Chant@33	Sludge Bomb@37	Petal Dance@41
44	GLOOM	Absorb@1	Body Slam@1	Poison Sting@1	Sweet Scent@5	Razor Leaf@9	Acid@13	Magical Leaf@15	Stun Spore@17	Sludge@23	Mega Drain@29	Sleep Powder@35	Lucky Chant@41	Sludge Bomb@47	Petal Dance@53
45	VILEPLUME	Body Slam@1	Aromatherapy@1	Stun Spore@1	Sludge Bomb@1	Petal Dance@53	Sleep Powder@65
46	PARAS	Slash@1	Leech Life@6	Stun Spore@6	Absorb@11	Mega Drain@17	Aerial Ace@22	Spore@30	Seed Bomb@33	Aromatherapy@38	X-Scissor@43
47	PARASECT	Aerial Ace@1	Slash@1	Helping Hand@1	Mega Drain@1	Body Slam@1	Leech Life@6	Stun Spore@6	Giga Drain@11	Cross Poison@17	Bug Bite@22	Spore@34	Seed Bomb@39	Aromatherapy@47	X-Scissor@55
48	VENONAT	Tackle@1	Disable@1	Supersonic@1	Leech Life@3	Psybeam@11	Sludge@13	Stun Spore@17	Mega Drain@23	Bug Bite@25	Poison Fang@29	Sleep Powder@35	Zen Headbutt@37	Signal Beam@41	Sludge Bomb@47
49	VENOMOTH	Foresight@1	Leech Life@1	Disable@1	Zen Headbutt@1	Toxic@1	Bug Bite@5	Supersonic@11	Psybeam@13	Sludge@17	Silver Wind@23	Stun Spore@25	Poison Fang@29	Giga Drain@31	Signal Beam@37	Sleep Powder@41	Sludge Bomb@47	Psychic@55	Bug Buzz@59
50	DIGLETT	Scratch@1	Sand-Attack@1	Dig@4	Faint Attack@7	Dig@12	Metal Claw@15	Slash@18	Rock Slide@23	Dig@26	Aerial Ace@29	Night Slash@34	Stone Edge@37	Earthquake@40
51	DUGTRIO	Earth Power@1	Tri Attack@1	Scratch@1	Sand-Attack@1	Sludge Bomb@1	Sand Tomb@4	Rock Throw@7	Mud-Slap@12	Dig@15	Pursuit@18	Slash@23	Rock Slide@26	Headbutt@28	Aerial Ace@33	Night Slash@40	Stone Edge@60	Earthquake@65
52	MEOWTH	Scratch@1	Dig@1	Growl@5	Bite@6	Pay Day@9	Metal Claw@14	Faint Attack@17	Power Gem@20	Slash@22	Night Slash@25	Aerial Ace@30	Fake Out@33	Body Slam@38	Iron Tail@41	Shadow Claw@46	Feint@49	Fury Swipes@54
53	PERSIAN	Scratch@1	Headbutt@1	Double-Edge@1	Pursuit@1	Power Gem@1	Bite@6	Pay Day@9	Metal Claw@14	Faint Attack@17	Slash@22	Night Slash@25	Knock Off@28	Aerial Ace@32	Fake Out@35	Pursuit@38	Body Slam@44	Iron Tail@49	Shadow Claw@56	Feint@61	Fury Swipes@68
54	PSYDUCK	Water Gun@1	Scratch@1	Headbutt@5	Psybeam@9	Water Pulse@14	Disable@18	Zen Headbutt@22	Ice Punch@27	Brine@31	Submission@35	Psychic@40	Ice Beam@44	Hydro Pump@48
55	GOLDUCK	Confusion@1	Water Gun@1	Scratch@1	Psybeam@1	Headbutt@1	Aurora Beam@5	Water Pulse@9	Disable@14	Cross Chop@18	Zen Headbutt@22	Ice Punch@27	Dive@33	Focus Blast@37	Psychic@44	Ice Beam@50	Hydro Pump@56
56	MANKEY	Counter@1	Scratch@1	DoubleSlap@1	Uproar@1	Karate Chop@5	Faint Attack@9	Double Kick@13	Low Kick@17	Rock Throw@21	Assurance@25	Cross Chop@33	Rage@37	Rock Slide@41	Punishment@45	Close Combat@49
57	PRIMEAPE	Fling@1	Scratch@1	Low Kick@1	Uproar@1	Pursuit@1	Fury Swipes@9	Karate Chop@13	Seismic Toss@17	Rock Throw@21	Assurance@25	Rage@28	Cross Chop@35	Rock Slide@41	Rage@47	Punishment@69	Close Combat@70
58	GROWLITHE	Ember@1	Bite@1	Tackle@6	Roar@9	Flame Wheel@14	Body Slam@17	Iron Head@20	Roar@28	Double-Edge@31	Fire Fang@34	Crunch@39	Teleport@42	Thunder Fang@45	Flare Blitz@65
59	ARCANINE	Thunder Fang@1	Crunch@1	Rock Slide@1	Fire Spin@1	Roar@1	ExtremeSpeed@79
60	POLIWAG	Pound@1	Bubble@5	Mud-Slap@8	Water Gun@11	DoubleSlap@15	BubbleBeam@18	Body Slam@21	Water Pulse@25	Mud Bomb@28	Ice Beam@31	Wake-Up Slap@35	Hydro Pump@38	Hypnosis@41
61	POLIWHIRL	Submission@1	Seismic Toss@1	Bubble@1	Bubble@5	Mud Bomb@8	Water Gun@11	DoubleSlap@15	Body Slam@21	Brick Break@25	Dive@27	Mud Shot@32	Ice Punch@37	Wake-Up Slap@43	Hydro Pump@48	Hypnosis@53
62	POLIWRATH	BubbleBeam@1	Hypnosis@1	Body Slam@1	Submission@1	Ice Punch@43	Hydro Pump@53
63	ABRA	Teleport@1
64	KADABRA	Teleport@1	Kinesis@1	Fire Punch@1	Confusion@16	Psycho Cut@18	Teleport@22	Disable@24	Psybeam@28	Future Sight@30	Miracle Eye@34	Teleport@36	Psychic@40	Recover@42	Role Play@46
65	ALAKAZAM	Teleport@1	Kinesis@1	Fire Punch@1	Confusion@16	Psycho Cut@18	Teleport@22	Disable@24	Psybeam@28	Future Sight@30	Miracle Eye@34	Teleport@36	Psychic@40	Recover@42	Role Play@46
66	MACHOP	Karate Chop@1	Pound@1	Rock Throw@7	Seismic Toss@10	Wake-Up Slap@13	Mega Punch@19	Fire Punch@22	Vital Throw@25	Low Kick@31	SmellingSalt@34	ThunderPunch@37	Ice Punch@43	Cross Chop@46	Mega Kick@52
67	MACHOKE	Brick Break@1	Low Kick@1	Vital Throw@1	Mega Punch@7	Karate Chop@10	Fire Punch@13	Seismic Toss@19	ThunderPunch@22	Wake-Up Slap@25	SmellingSalt@32	Submission@36	Rock Slide@40	Payback@44	Cross Chop@56	Mega Kick@100
68	MACHAMP	Mach Punch@1	Close Combat@1	Bullet Punch@1	Meteor Mash@7	Feint@10	Dizzy Punch@13	Seismic Toss@19	Mega Kick@22	Mega Punch@25	Seismic Toss@32	Superpower@36	Ice Punch@40	ThunderPunch@44	Cross Chop@51	Mach Punch@99
69	BELLSPROUT	Vine Whip@1	Acid@7	Wrap@11	Sweet Scent@13	Razor Leaf@15	Poison Sting@17	Slam@23	Stun Spore@27	Mega Drain@29	Gunk Shot@43	Swallow@49	Gastro Acid@50	Power Whip@60
70	WEEPINBELL	Sleep Powder@1	Razor Leaf@1	Swallow@1	Acid@7	PoisonPowder@11	Magical Leaf@13	Wrap@15	Poison Jab@17	Stun Spore@23	Magical Leaf@29	Leech Life@29	Poison Jab@35	Wring Out@43	Gastro Acid@54	Leaf Storm@57
71	VICTREEBEL	Sweet Scent@1	Acid@1	Gastro Acid@1	Bug Bite@1	Power Whip@1	Swallow@1	Leaf Storm@5	Gunk Shot@47	Wring Out@47
72	TENTACOOL	Poison Sting@1	Acid@5	Psybeam@8	BubbleBeam@12	Signal Beam@15	Poison Jab@19	Confuse Ray@22	Water Pulse@26	Wrap@29	Sludge Bomb@33	Ice Beam@36	Hydro Pump@40	Toxic@43
73	TENTACRUEL	Power Gem@1	Aurora Beam@1	Psybeam@1	Acid@5	Water Pulse@8	Absorb@12	Signal Beam@15	Poison Jab@19	BubbleBeam@22	Confuse Ray@26	Wrap@29	Sludge Bomb@36	Brine@42	Toxic@49	Hydro Pump@72
74	GEODUDE	Tackle@1	Rock Throw@1	Mud Bomb@4	Headbutt@8	Karate Chop@11	Selfdestruct@15	Dig@18	Rock Slide@22	Fire Punch@25	Explosion@29	Hammer Arm@32	Selfdestruct@36	Earthquake@39	Stone Edge@46	Explosion@52
75	GRAVELER	Submission@1	Take Down@1	ThunderPunch@1	Hammer Arm@1	Dig@4	Body Slam@8	Rock Slide@11	Selfdestruct@15	Double-Edge@18	Gyro Ball@22	Rock Blast@27	Explosion@33	Selfdestruct@38	Earthquake@44	Rollout@99
76	GOLEM	Rock Blast@1	ThunderPunch@1	Submission@1	Roar@1	Fire Punch@4	Body Slam@8	Rock Slide@11	Selfdestruct@15	Gyro Ball@18	Rollout@22	Double-Edge@27	Explosion@33	Selfdestruct@38	Earthquake@44	Head Smash@100
77	PONYTA	Ember@1	Quick Attack@1	Stomp@6	Flame Wheel@10	Double Kick@15	Take Down@19	Bounce@24	Blaze Kick@28	Drill Run@33	Double-Edge@37	Hi Jump Kick@42	Flare Blitz@46
78	RAPIDASH	Poison Jab@1	Heat Wave@1	Fire Spin@1	Quick Attack@1	Double Kick@1	Ember@1	Stomp@6	Body Slam@10	Flame Wheel@15	Take Down@19	Bounce@24	Drill Run@28	Blaze Kick@33	Double-Edge@37	Megahorn@40	Jump Kick@47	Flare Blitz@56
79	SLOWPOKE	Headbutt@1	Tackle@1	Water Gun@1	Confusion@11	Water Pulse@15	Disable@20	Body Slam@25	Zen Headbutt@29	Dive@34	Yawn@39	Psychic@48	Hydro Pump@53	Slack Off@57	Swallow@60
80	SLOWBRO	Tackle@1	Swift@1	Water Gun@1	Signal Beam@1	Ice Punch@6	Headbutt@11	Confusion@15	Water Pulse@20	Teleport@25	Body Slam@29	Zen Headbutt@34	Brine@37	Yawn@41	Teleport@47	Psychic@54	Hydro Pump@61	Slack Off@97
81	MAGNEMITE	Tackle@1	Supersonic@1	ThunderShock@6	SonicBoom@14	Shock Wave@23	Flash Cannon@25	Selfdestruct@27	Tri Attack@30	Magnet Bomb@33	Discharge@38	Explosion@43	Signal Beam@46	Mirror Shot@55	Zap Cannon@64
82	MAGNETON	Iron Head@1	Wild Charge@1	Tackle@1	Gyro Ball@1	Supersonic@1	ThunderShock@6	Tri Attack@11	Thunder Wave@17	Shock Wave@22	Signal Beam@27	Selfdestruct@30	Magnet Bomb@34	Discharge@40	Explosion@46	Teleport@50	Flash Cannon@54	Thunderbolt@60
83	FARFETCH’D	Night Slash@1	Peck@1	Sand-Attack@1	Quick Attack@1	False Swipe@1	Poison Jab@7	Brick Break@9	Focus Energy@13	Slash@19	Aerial Ace@21	Leaf Blade@25	Body Slam@31	Yawn@33	Brave Bird@37	Feint@43	False Swipe@45
84	DODUO	Peck@1	Double Kick@1	Faint Attack@5	Scratch@10	Pluck@14	Secret Power@19	Metal Claw@23	Aerial Ace@28	Double Hit@34	Pursuit@39	Jump Kick@41	Drill Peck@46
85	DODRIO	Mega Kick@1	Peck@1	Pluck@1	Slash@1	Steel Wing@1	Fury Attack@5	Bounce@10	Body Slam@14	Swift@19	Iron Tail@23	Drill Peck@28	Drill Run@33	Jump Kick@41	Pursuit@51	Drill Peck@54	Whirlwind@60	Brave Bird@80
86	SEEL	Water Gun@1	Powder Snow@3	Aurora Beam@7	BubbleBeam@11	Bite@13	Take Down@17	Aurora Beam@21	Water Pulse@23	Body Slam@27	Drill Run@31	Ice Fang@37	Aqua Tail@41	Megahorn@43	Hydro Pump@47	Ice Beam@48	Aqua Jet@71
87	DEWGONG	Headbutt@1	Supersonic@1	Double-Edge@1	Whirlpool@1	Swift@3	Signal Beam@7	Powder Snow@11	BubbleBeam@13	Dive@17	Take Down@21	Water Pulse@23	Aurora Beam@27	Body Slam@31	Drill Run@33	Ice Fang@41	Roar@48	Double-Edge@53	Hydro Pump@58	Ice Beam@62	Megahorn@65
88	GRIMER	Toxic@1	Lick@1	Disable@4	Mud Bomb@7	Shadow Punch@12	Sludge Bomb@17	Selfdestruct@20	Body Slam@23	Payback@28	Poison Jab@33	Explosion@36	Brick Break@39	Fling@44	Gunk Shot@49	Imprison@55	Shadow Sneak@58
89	MUK	Fire Punch@1	Ice Punch@1	Lick@1	Poison Gas@1	Imprison@1	Body Slam@4	Mud Bomb@7	Shadow Punch@17	Explosion@20	Brick Break@23	Sweet Kiss@25	Payback@28	Poison Jab@33	Selfdestruct@36	Recover@40	Explosion@44	Disable@47	Fling@54	Gunk Shot@65	Shadow Sneak@70
90	SHELLDER	Teleport@1	Take Down@4	Supersonic@8	Water Pulse@13	Powder Snow@16	Teleport@17	Selfdestruct@25	ViceGrip@28	Poison Fang@32	Explosion@37	Hydro Pump@40	Teleport@44	Icicle Spear@49	Clamp@75
91	CLOYSTER	Toxic@1	Rock Blast@1	Supersonic@1	Selfdestruct@2	Explosion@3	ViceGrip@28	Icicle Spear@69	Aqua Cutter@72
92	GASTLY	Confuse Ray@1	Teleport@1	Lick@5	Smog@8	Dark Pulse@19	Night Shade@35	Teleport@39	Sludge@42	Ominous Wind@49	Poison Gas@52	Teleport@53	Sludge Bomb@56	Shadow Ball@60	Hypnosis@63
93	HAUNTER	Night Shade@1	Confuse Ray@1	Lick@1	Teleport@5	Sludge@8	Ice Punch@32	Shadow Punch@42	Teleport@43	Poison Jab@44	Fire Punch@45	Shadow Claw@49	Toxic@52	Teleport@53	Sludge Bomb@54	Shadow Ball@60	Hypnosis@65
94	GENGAR	Confuse Ray@1	Lick@1	Teleport@1	Sludge@5	Ice Punch@8	Mimic@12	Night Shade@15	Teleport@19	Poison Jab@22	Fire Punch@39	Shadow Punch@42	Dark Pulse@52	Sludge Bomb@53	Submission@54	Shadow Claw@70	Explosion@75
95	ONIX	Roar@1	Tackle@1	Rock Throw@1	Wrap@1	Dig@6	Roar@9	Secret Power@14	Bite@17	Rock Slide@22	Take Down@25	Selfdestruct@30	Power Gem@33	Double-Edge@38	Explosion@41	Roar@46	Earthquake@49	Stone Edge@54
96	DROWZEE	Pound@1	Confusion@1	Teleport@7	Take Down@9	Headbutt@15	Psybeam@18	Disable@21	Teleport@28	Double-Edge@29	Psychic@52	Flatter@53	Teleport@54	Submission@59	Zen Headbutt@63	Hypnosis@69
97	HYPNO	Teleport@1	Confusion@1	Headbutt@1	Dream Eater@1	Future Sight@1	Flatter@1	Disable@7	ThunderPunch@9	Ice Punch@15	Fire Punch@18	Teleport@21	Double-Edge@28	Signal Beam@33	Psychic@38	Role Play@45	Teleport@50	Submission@55	Zen Headbutt@64	Hypnosis@69
98	KRABBY	Scratch@1	Mud Shot@1	Metal Claw@5	BubbleBeam@9	Slash@11	Dig@15	Ice Punch@19	Dive@21	Rock Slide@25	Hammer Arm@29	ViceGrip@31	Night Slash@35	Superpower@39	X-Scissor@41	Crabhammer@45
99	KINGLER	False Swipe@1	Fling@1	Ice Punch@1	X-Scissor@5	Crush Claw@9	Body Slam@11	Metal Claw@15	Dive@19	Hammer Arm@21	Rock Slide@25	Slam@32	ViceGrip@37	Night Slash@44	Superpower@51	Crush Claw@56	Crabhammer@63
100	VOLTORB	Gyro Ball@1	ThunderShock@5	Tackle@8	Shock Wave@12	SonicBoom@15	Swift@19	Selfdestruct@22	Discharge@26	Flash Cannon@29	Signal Beam@33	Explosion@36	Thunderbolt@40	Selfdestruct@43	Thunder Wave@47
101	ELECTRODE	Mirror Coat@1	Tackle@1	SonicBoom@1	ThunderShock@1	Explosion@5	SonicBoom@8	Shock Wave@12	Take Down@15	Swift@19	Selfdestruct@22	Discharge@26	Flash Cannon@29	Signal Beam@35	Explosion@40	Thunderbolt@46	Selfdestruct@51	Thunder Wave@57
102	EXEGGCUTE	Hypnosis@1	Uproar@1	Teleport@1	Bullet Seed@7	Confusion@11	Stun Spore@17	Selfdestruct@19	Seed Bomb@21	Zen Headbutt@23	Egg Bomb@27	Explosion@33	Energy Ball@37	Psychic@43	Sleep Powder@67
103	EXEGGUTOR	Seed Bomb@1	Selfdestruct@1	Teleport@1	Wood Hammer@1	Hypnosis@15	Explosion@17	Egg Bomb@57	Leaf Storm@67	Sleep Powder@77
104	CUBONE	Bone Club@1	Headbutt@3	Fling@7	Rock Throw@11	Dig@13	Take Down@17	Submission@21	Rock Slide@23	Bone Rush@27	Double-Edge@33	Fire Punch@37	Stone Edge@41	Earthquake@43	Bonemerang@49
105	MAROWAK	False Swipe@1	Double Kick@1	Iron Head@1	Bone Club@1	Headbutt@3	Fling@7	Rock Throw@11	Jump Kick@13	Take Down@17	Submission@21	Rock Slide@23	Bone Rush@27	Double-Edge@37	Fire Punch@43	Stone Edge@49	Earthquake@51	Bonemerang@59
106	HITMONLEE	Body Slam@1	Double Kick@1	Triple Kick@5	Foresight@9	Low Kick@13	Brick Break@17	Rolling Kick@21	Double Kick@25	Fling@29	Rock Throw@33	Pursuit@37	Jump Kick@45	Rock Slide@45	Blaze Kick@49	Stone Edge@53	Close Combat@97
107	HITMONCHAN	Drain Punch@1	Revenge@1	Feint@6	Pursuit@11	Mega Punch@16	Bullet Punch@16	Feint@21	Shadow Punch@26	ThunderPunch@31	Ice Punch@31	Fire Punch@31	Sky Uppercut@36	Mach Punch@41	Pursuit@46	Meteor Mash@51	Close Combat@69	Sucker Punch@74
108	LICKITUNG	Lick@1	Supersonic@5	Stomp@9	Acid@13	Wrap@17	Water Pulse@21	Disable@25	Body Slam@29	Double-Edge@33	Me First@37	Slam@41	Gastro Acid@45	Power Whip@49	Wring Out@53
109	KOFFING	Smog@1	Toxic@1	Psybeam@6	SmokeScreen@10	Sludge@15	Selfdestruct@19	Assurance@24	Sludge Bomb@28	Gyro Ball@33	Explosion@37	Poison Gas@42	Poison Fang@46	Haze@51
110	WEEZING	Heat Wave@1	Gyro Ball@1	Smog@1	Headbutt@1	Toxic@6	SmokeScreen@10	Sludge@15	Selfdestruct@19	Assurance@24	Sludge Bomb@28	Double Hit@33	Explosion@40	Poison Gas@48	Poison Fang@55	Shadow Ball@63
111	RHYHORN	Tackle@1	Rock Throw@1	Dig@9	Bite@13	Peck@21	Stomp@25	Rock Slide@33	Drill Run@37	Crunch@49	Megahorn@57	Earthquake@65	Stone Edge@72
112	RHYDON	Aqua Tail@1	Submission@1	Fire Punch@1	Rock Slide@1	Crunch@9	Headbutt@13	Stomp@21	Poison Jab@25	Rock Blast@33	Hammer Arm@37	Drill Run@42	Megahorn@67	Earthquake@75	Stone Edge@87
113	CHANSEY	Pound@1	Teleport@1	Take Down@5	Double-Edge@9	Headbutt@12	Metronome@16	Teleport@20	DoubleSlap@23	Fling@27	Submission@31	Double-Edge@34	Teleport@38	Take Down@42	Egg Bomb@46
114	TANGELA	Vine Whip@1	Swallow@1	Confusion@5	Absorb@8	Stun Spore@12	Slam@15	Mega Drain@19	Wrap@22	Sludge Bomb@26	Stun Spore@29	Power Whip@33	AncientPower@36	Sleep Powder@40	Endeavor@43	Energy Ball@47	Wring Out@50	Frenzy Plant@74
115	KANGASKHAN	Tackle@1	Low Kick@1	Dizzy Punch@7	Hammer Arm@10	Bite@13	Mega Kick@19	Outrage@22	Seismic Toss@25	Body Slam@31	Crunch@34	Double-Edge@37	Roar@43	Submission@46	Trump Card@49
116	HORSEA	Bubble@1	SmokeScreen@4	Water Gun@8	Twister@11	Take Down@14	Aurora Beam@18	BubbleBeam@23	DragonBreath@26	Double-Edge@30	Ice Beam@35	Octazooka@38	Dragon Pulse@42
117	SEADRA	Water Pulse@1	Supersonic@1	Swift@1	Dragon Rage@1	SmokeScreen@4	Water Gun@8	Twister@11	Take Down@14	Aurora Beam@18	BubbleBeam@23	DragonBreath@26	Double-Edge@30	Ice Beam@40	Octazooka@48	Dragon Pulse@57
118	GOLDEEN	Tackle@1	Peck@1	Aqua Jet@1	Mud Shot@7	Psybeam@11	Dive@17	Flail@21	Aqua Ring@27	Fury Attack@31	Drill Peck@37	Poison Jab@41	Body Slam@47	Megahorn@51
119	SEAKING	Tackle@1	Peck@1	Aqua Jet@1	Ice Beam@1	Supersonic@1	Aerial Ace@7	Psybeam@11	Aqua Tail@17	Flail@21	Aqua Ring@27	Fury Attack@31	Knock Off@40	Poison Jab@47	Body Slam@56	Megahorn@63
120	STARYU	Teleport@1	Tackle@1	Water Gun@6	Swift@10	BubbleBeam@15	Teleport@19	Take Down@24	Psybeam@28	Power Gem@33	Signal Beam@37	Teleport@42	Double-Edge@46	Recover@51	Hydro Pump@55
121	STARMIE	Double-Edge@1	Recover@1	Power Gem@1	Teleport@2	Hydro Pump@55	Mega Kick@65
122	MR. MIME	Thunderbolt@1	Power Swap@1	Guard Swap@1	Teleport@1	Seismic Toss@1	Copycat@4	Barrier@8	Confusion@11	Teleport@15	Zen Headbutt@18	Magical Leaf@22	Reflect@22	Light Screen@25	Teleport@29	Psybeam@32	Safeguard@36	Teleport@39	Role Play@43	Signal Beam@46	Psychic@50
123	SCYTHER	False Swipe@1	Slash@1	Air Slash@1	Silver Wind@5	Take Down@9	Wing Attack@13	Bug Buzz@17	Brick Break@21	Double-Edge@25	Feint@29	Vacuum Wave@33	Wing Attack@37	Night Slash@41	Steel Wing@45	Pursuit@49	Aerial Ace@53	X-Scissor@57	Close Combat@77
124	JYNX	Pound@1	Sweet Kiss@1	DoubleSlap@1	Ice Punch@1	Zen Headbutt@5	Lick@8	Powder Snow@11	Confusion@15	Teeter Dance@18	Psybeam@21	Aurora Beam@25	Wake-Up Slap@28	Sing@33	Psychic@44	Ice Beam@49	Focus Blast@51	Lovely Kiss@55
125	ELECTABUZZ	ThunderShock@1	Mega Punch@1	Wild Charge@1	Karate Chop@7	Swift@10	Shock Wave@16	Low Kick@19	Seismic Toss@25	Fire Punch@28	ThunderPunch@37	Cross Chop@43	Ice Punch@52	Thunderbolt@58
126	MAGMAR	Fire Spin@1	Brick Break@1	Flare Blitz@1	Mega Punch@7	Fire Punch@10	SmokeScreen@16	Faint Attack@19	Confuse Ray@25	ThunderPunch@28	Fire Punch@36	Psychic@41	Cross Chop@49	Heat Wave@54	Milk Drink@80
127	PINSIR	False Swipe@1	Night Slash@1	ViceGrip@4	Fling@8	Seismic Toss@13	Bug Bite@18	Rock Slide@21	Body Slam@25	Brick Break@30	X-Scissor@45	ViceGrip@48	Stone Edge@56	Superpower@67	Megahorn@75
128	TAUROS	Tackle@1	Double Kick@3	Iron Tail@5	Stomp@8	Headbutt@11	Rock Throw@15	Iron Head@19	Payback@24	Secret Power@29	Roar@35	Zen Headbutt@48	Earthquake@59	Body Slam@63
129	MAGIKARP	Tackle@1	Flail@15	Bounce@80
130	GYARADOS	Double-Edge@1	Bite@20	Roar@23	Water Pulse@36	Twister@49	ViceGrip@52	Crunch@55	Roar@58	Hyper Beam@61	Hydro Pump@64	Aerial Ace@67	Whirlwind@70	Ice Fang@77	Aqua Tail@95
131	LAPRAS	Roar@1	Whirlpool@1	Body Slam@1	Take Down@4	Powder Snow@7	Water Pulse@10	Roar@14	Confuse Ray@18	Aurora Beam@22	Aqua Tail@27	Double-Edge@32	Drill Run@37	Ice Beam@43	Hydro Pump@49	Sing@55
132	DITTO	Transform@1
133	EEVEE	Secret Power@1	Tackle@1	Headbutt@1	Mud-Slap@8	Take Down@15	Double Kick@22	Bite@29	Body Slam@36	Iron Tail@43	Double-Edge@50	Trump Card@57
134	VAPOREON	Acid Armor@1	Water Pulse@1	Take Down@1	Roar@8	Ice Fang@15	Water Pulse@21	Bite@29	Body Slam@36	Ice Fang@43	Aqua Tail@50	Roar@57	Camouflage@64	Ice Beam@71	Hydro Pump@73
135	JOLTEON	ThunderShock@1	Tackle@1	Swift@1	Take Down@8	Roar@15	Bite@22	Double Kick@29	Pin Missile@36	Swift@43	Wild Charge@50	Double-Edge@57	Roar@64	Thunder Wave@71	Discharge@95
136	FLAREON	Heat Wave@1	Quick Attack@1	Helping Hand@1	Roar@8	Ember@15	Quick Attack@22	Bite@29	Fire Fang@36	Iron Tail@43	Last Resort@50	Flare Blitz@57	Superpower@64	Crunch@71	Lava Plume@78
137	PORYGON	Conversion 2@1	Teleport@1	Tackle@1	Hidden Power@1	Psybeam@7	Swift@12	Teleport@13	Recover@23	Signal Beam@29	Discharge@34	Tri Attack@40	Teleport@41	Ice Beam@51	Double-Edge@56	Sharpen@100
138	OMANYTE	Water Gun@1	Rock Throw@1	Tackle@7	Bite@10	BubbleBeam@16	Rock Slide@19	Mud Bomb@25	Aurora Beam@28	Water Pulse@34	AncientPower@47	Earth Power@53	Ice Beam@56	Hydro Pump@72
139	OMASTAR	Water Gun@1	Powder Snow@1	Submission@1	Bite@7	Water Pulse@10	Rock Slide@16	Crunch@19	Wring Out@25	Mud Bomb@28	Seismic Toss@34	Muddy Water@37	AncientPower@60	Earth Power@68	Ice Beam@76	Hydro Pump@87
140	KABUTO	Scratch@1	Leech Life@1	Rock Throw@6	BubbleBeam@11	Slash@16	Aerial Ace@21	Rock Slide@26	Muddy Water@31	Submission@36	X-Scissor@41	Stone Edge@46	Clamp@51
141	KABUTOPS	Feint@1	Poison Jab@1	Bite@1	Bug Bite@1	Metal Claw@1	Giga Drain@6	Aerial Ace@11	Slash@16	Ice Fang@21	Submission@26	Night Slash@31	Rock Slide@36	ViceGrip@40	X-Scissor@55	Superpower@64	Stone Edge@83	Clamp@92
142	AERODACTYL	Ice Fang@1	Fire Fang@1	Thunder Fang@1	Wing Attack@1	Supersonic@1	Bite@1	Scary Face@1	Roar@9	Agility@17	AncientPower@25	Crunch@33	Take Down@41	Iron Head@49	Roar@57	Rock Slide@65	Hyper Beam@73
143	SNORLAX	Yawn@1	Body Slam@4	Take Down@9	Lick@12	Submission@17	Whirlwind@20	Rest@25	Sleep Talk@28	Pursuit@28	Hyper Beam@33	Selfdestruct@36	Whirlwind@41	Crunch@44	Double-Edge@50	Earthquake@84
144	ARTICUNO	Pluck@1	Water Ball@1	Whirlwind@8	Hyper Beam@15	Aurora Beam@22	Air Slash@29	Roar@36	AncientPower@43	Steel Wing@50	Ice Beam@57	Sky Attack@64	Whirlwind@71	Sleep Talk@78	Roost@85
145	ZAPDOS	Pluck@1	Water Ball@1	Air Slash@8	Whirlwind@15	Shock Wave@22	Drill Peck@29	AncientPower@36	Roar@43	Hyper Beam@50	Discharge@57	Whirlwind@64	Sky Attack@71	Sleep Talk@78	Roost@85
146	MOLTRES	Pluck@1	Heat Wave@1	Fire Spin@8	Hyper Beam@15	Water Ball@22	AncientPower@29	Air Slash@36	Roar@43	SolarBeam@50	Overheat@57	Whirlwind@64	Sky Attack@71	Sleep Talk@78	Roost@85
147	DRATINI	Wrap@1	Twister@1	Thunder Wave@5	Slam@11	Dragon Rush@35	Dragon Rage@40	Hydro Pump@45	Dragon Pulse@45	Hyper Beam@50	Whirlwind@50	Aqua Tail@55	Outrage@65	ExtremeSpeed@99
148	DRAGONAIR	Wrap@1	Swift@1	Water Pulse@12	Twister@15	Slam@18	Thunder Wave@29	Dragon Rush@36	Dragon Rage@41	Hydro Pump@45	Dragon Pulse@50	Hyper Beam@55	Whirlwind@55	Aqua Tail@63	Outrage@77	ExtremeSpeed@100	Hurricane@100
149	DRAGONITE	Fire Punch@1	ThunderPunch@1	Dragon Pulse@1	Wrap@1	Hydro Pump@1	Fire Spin@1	Dragon Rush@1	Thunder Wave@5	Twister@11	Dragon Rage@15	Slam@21	Steel Wing@25	Double-Edge@33	Aqua Tail@49	Dragon Claw@55	Air Slash@55	ExtremeSpeed@55	Hyper Beam@64	Outrage@100
150	MEWTWO	Confusion@1	Teleport@1	Signal Beam@8	Seismic Toss@15	Psybeam@22	Swift@29	Hyper Beam@36	Future Sight@43	Teleport@50	Brick Break@57	Recover@64	Psycho Cut@64	Sleep Talk@71	Teleport@79	Selfdestruct@86	Psychic@93	Aura Sphere@100
151	MEW	Fake Out@1	Hypnosis@10	Metronome@15	Transform@20	Psychic@25	Zen Headbutt@30	Softboiled@40	AncientPower@50	Me First@60	Explosion@70	Selfdestruct@80	Teleport@90	Copycat@95	Aura Sphere@100
152	CHIKORITA	Tackle@1	Vine Whip@1	Sweet Scent@6	Headbutt@9	Razor Leaf@12	Secret Power@17	Magical Leaf@20	Body Slam@23	Aromatherapy@28	Leaf Blade@31	AncientPower@34	Power Whip@39	Synthesis@42	Leaf Storm@45
153	BAYLEEF	Tackle@1	Vine Whip@1	Sweet Scent@1	Headbutt@1	Razor Leaf@6	Hidden Power@9	Secret Power@12	Magical Leaf@18	Aromatherapy@22	Leaf Blade@26	Body Slam@32	Energy Ball@36	AncientPower@40	Leaf Storm@46	Synthesis@50	Frenzy Plant@54
154	MEGANIUM	SolarBeam@1	Petal Dance@1	Swift@1	Nature Power@1	Secret Power@1	Razor Leaf@6	Sweet Scent@9	Hidden Power@12	Body Slam@18	Magical Leaf@22	Aromatherapy@26	Petal Dance@32	Return@34	AncientPower@40	Energy Ball@46	Earthquake@54	Synthesis@60	Leaf Storm@66
155	CYNDAQUIL	Tackle@1	Ember@1	Double Kick@4	Roar@10	Swift@13	Flame Wheel@19	Gyro Ball@22	Extrasensory@28	Hidden Power@31	Lava Plume@37	Nature Power@40	Double-Edge@46	Flare Blitz@49
156	QUILAVA	Flare Blitz@1	ThunderPunch@1	Double Kick@1	Heat Wave@4	Gyro Ball@10	Swift@13	Flame Wheel@20	Hidden Power@24	Hidden Power@31	Extrasensory@35	Lava Plume@42	Nature Power@46	Thrash@53	Eruption@63
157	TYPHLOSION	Brick Break@1	Double Kick@1	Mystical Fire@1	Crush Claw@1	Heat Wave@1	Gyro Ball@4	Flare Blitz@10	Nature Power@13	Flame Wheel@20	ThunderPunch@36	Hidden Power@36	Extrasensory@39	Lava Plume@42	Earthquake@46	Roar@53	Explosion@97
158	TOTODILE	Scratch@1	Water Gun@1	Bite@6	Hidden Power@8	Nature Power@13	BubbleBeam@15	Slash@20	Crunch@22	Dive@27	Iron Tail@29	Ice Fang@34	Thrash@36	Aqua Tail@41	Superpower@43	Hydro Pump@48
159	CROCONAW	Dragon Claw@1	Brick Break@1	Water Gun@1	Hyper Fang@6	Hidden Power@8	BubbleBeam@13	Nature Power@15	Bite@21	Headbutt@24	Hyper Fang@30	Crunch@33	Ice Fang@39	ViceGrip@42	Aqua Tail@48	Superpower@51	Super Fang@57
160	FERALIGATR	Fire Fang@1	Dragon Claw@1	Iron Tail@1	Cross Chop@1	Slash@6	Thunder Fang@8	Bite@13	Metal Claw@15	Roar@21	Hyper Fang@24	Body Slam@30	Crunch@32	Ice Fang@42	ViceGrip@47	Roar@50	Earthquake@58	Ice Punch@63	Aqua Tail@71
161	SENTRET	Quick Attack@1	Secret Power@1	Follow Me@4	Knock Off@7	Helping Hand@13	Fury Swipes@16	Slam@19	Sucker Punch@25	Thunder Wave@28	Me First@31	Hyper Voice@36	Super Fang@39	Double-Edge@42	Quick Attack@47
162	FURRET	Quick Attack@1	Dig@1	Night Slash@1	Quick Attack@1	Follow Me@4	Quick Attack@7	Fury Swipes@13	Helping Hand@17	Knock Off@21	Body Slam@28	Thunder Wave@32	Hyper Voice@36	Super Fang@42	Sucker Punch@46	Slam@50	Quick Attack@56
163	HOOTHOOT	Tackle@1	Peck@1	Foresight@1	Uproar@5	Steel Wing@9	Zen Headbutt@13	Aerial Ace@17	Whirlwind@21	Extrasensory@25	Take Down@27	Hypnosis@33	Roost@37	Air Slash@41	Hyper Voice@45	Psycho Shift@49
164	NOCTOWL	Pluck@1	Hypnosis@1	Swift@1	Foresight@1	Night Shade@1	Steel Wing@5	Zen Headbutt@9	Uproar@13	Aerial Ace@17	Extrasensory@22	Take Down@29	Foresight@32	Whirlwind@37	Roost@42	Air Slash@47	Hyper Voice@52	Psycho Shift@57	Sky Attack@65
165	LEDYBA	Bug Bite@1	Sweet Scent@6	Pound@9	Light Screen@14	Aerial Ace@14	Reflect@14	Mach Punch@17	Safeguard@22	Silver Wind@25	Double-Edge@30	Air Slash@33	Knock Off@38	Bug Buzz@41
166	LEDIAN	Signal Beam@1	Supersonic@1	Weather Ball@1	Sweet Scent@6	Swift@9	Light Screen@14	Reflect@14	Bug Bite@14	Mach Punch@17	Safeguard@24	Silver Wind@29	Air Slash@36	Psybeam@41	Drain Punch@48	Bug Buzz@53
167	SPINARAK	Poison Sting@1	String Shot@1	Leech Life@5	Bite@8	Night Shade@12	Poison Jab@15	Shadow Sneak@19	Bug Bite@22	Spider Web@26	Cross Poison@29	Sucker Punch@33	X-Scissor@36	Poison Fang@40	Megahorn@43
168	ARIADOS	Leech Life@1	Poison Sting@1	String Shot@1	Night Shade@1	Bug Bite@1	Night Slash@5	Poison Jab@8	Scary Face@12	Pursuit@15	X-Scissor@19	Shadow Sneak@23	Cross Poison@28	Pin Missile@32	Spider Web@37	Sucker Punch@41	Poison Fang@46	Megahorn@50
169	CROBAT	Cross Poison@1	Giga Drain@1	Leech Life@1	Supersonic@1	Heat Wave@1	Wing Attack@5	Leech Life@9	Poison Jab@13	Bite@17	Steel Wing@21	Aerial Ace@27	Whirlwind@33	Confuse Ray@39	Crunch@45	Brave Bird@80	Poison Fang@85	Whirlwind@90
170	CHINCHOU	Bubble@1	ThunderShock@1	Supersonic@6	Thunder Wave@9	Water Gun@12	Shock Wave@17	Confuse Ray@20	Aurora Beam@23	BubbleBeam@28	Wild Charge@31	Flash@34	Signal Beam@39	Hydro Pump@42	Discharge@45
171	LANTURN	Psybeam@1	Flash Cannon@1	Supersonic@1	Flail@6	Water Pulse@9	ThunderShock@12	Supersonic@17	Thunder Wave@20	Water Pulse@23	Confuse Ray@27	Flash@27	Attract@27	Brine@30	Shock Wave@35	Flash@40	Signal Beam@47	Hydro Pump@52	Discharge@57
172	PICHU	ThunderShock@1	Sweet Kiss@1	Thunder Wave@5	Surf@55	Volt Tackle@65	ExtremeSpeed@75
173	CLEFFA	Pound@1	Metronome@1	Present@7	Sweet Kiss@45	Copycat@53	Sing@70
174	IGGLYBUFF	Present@1	Sing@1	Water Pulse@5	Gyro Ball@9	Sweet Kiss@13	Copycat@17
175	TOGEPI	Teleport@1	Present@1	Metronome@6	Sweet Kiss@10	Peck@15	Teleport@19	Double-Edge@24	Magical Leaf@28	Shadow Ball@33	Teleport@37	AncientPower@42	Tri Attack@46	Yawn@51
176	TOGETIC	Teleport@1	Present@1	Metronome@1	Sweet Kiss@1	Facade@1	Teleport@6	Double-Edge@10	Magical Leaf@15	Shadow Ball@19	Teleport@24	Seismic Toss@28	Steel Wing@33	Whirlwind@37	Tri Attack@42	Aura Sphere@46	Air Slash@51
177	NATU	Peck@1	Night Shade@1	Confusion@6	Aerial Ace@12	Zen Headbutt@17	Me First@20	Confuse Ray@23	Ominous Wind@28	Drill Peck@33	Psychic@36	Teleport@39	Night Shade@44	Brave Bird@64	Psycho Boost@87
178	XATU	Drill Peck@1	Steel Wing@1	Night Shade@6	Teleport@9	Aerial Ace@12	Psybeam@17	Me First@23	Confuse Ray@27	Ominous Wind@30	Zen Headbutt@37	Air Slash@42	Teleport@47	Psychic@54	Night Shade@54	Brave Bird@59
179	MAREEP	ThunderShock@1	Tackle@5	Thunder Wave@10	Swift@14	Hidden Power@19	Body Slam@23	Iron Tail@28	Discharge@32	Signal Beam@37	Power Gem@41	Thunderbolt@46
180	FLAAFFY	Flash@1	Tackle@1	ThunderShock@1	Swift@5	Thunder Wave@10	Shock Wave@14	Body Slam@20	Iron Tail@25	Fire Punch@33	Discharge@36	Power Gem@42	Signal Beam@47	Thunderbolt@53
181	AMPHAROS	Cross Chop@1	Fire Punch@1	Flash Cannon@1	ThunderPunch@1	Thunder Wave@1	Headbutt@5	Iron Tail@10	Shock Wave@14	Body Slam@20	Flash@25	Power Gem@30	Discharge@34	Signal Beam@42	Mirror Shot@51	Dragon Pulse@59	Thunderbolt@68
182	BELLOSSOM	Leaf Blade@1	Mega Drain@1	Sweet Scent@1	Stun Spore@1	Sleep Powder@1	Magical Leaf@23	Petal Dance@53
183	MARILL	Present@1	Water Gun@12	Pound@17	BubbleBeam@20	Brick Break@25	Body Slam@28	Dive@33	Double-Edge@37	Ice Punch@42	Bounce@47	Aqua Tail@52
184	AZUMARILL	Present@1	Seismic Toss@1	Aurora Beam@1	Foresight@1	Brick Break@12	BubbleBeam@17	Body Slam@20	Iron Tail@25	Body Slam@30	Hydro Pump@37	Take Down@43	Dive@50	Ice Punch@57	Aqua Tail@80
185	SUDOWOODO	Fire Punch@1	Copycat@1	ThunderPunch@1	Ice Punch@1	Block@1	Mimic@6	Low Kick@9	Faint Attack@14	Rock Slide@17	Selfdestruct@22	Brick Break@25	Take Down@30	Rock Slide@33	Explosion@38	Earthquake@41	Hammer Arm@46	Wood Hammer@49
186	POLITOED	Bounce@1	Hypnosis@1	BubbleBeam@1	Hyper Voice@1	Ice Beam@27	Earth Power@37	Hydro Pump@65
187	HOPPIP	Absorb@1	Tackle@4	Gust@7	Confusion@10	Mega Drain@12	Headbutt@14	Whirlwind@16	PoisonPowder@18	Bullet Seed@22	Aerial Ace@25	Secret Power@28	Seed Bomb@31	Memento@34	Double-Edge@37	Energy Ball@40	Bounce@43
188	SKIPLOOM	Double-Edge@1	Pay Day@1	Absorb@1	Headbutt@1	Gust@4	Memento@7	Secret Power@10	Bullet Seed@12	Confusion@14	PoisonPowder@16	Take Down@20	Whirlwind@24	Seed Bomb@28	Aerial Ace@32	Stun Spore@36	Memento@40	Energy Ball@44	Bounce@48	Synthesis@64
189	JUMPLUFF	Helping Hand@1	Secret Power@1	Confusion@1	Pay Day@1	Synthesis@4	Double-Edge@7	Cotton Spore@10	Memento@12	Bullet Seed@14	Headbutt@16	PoisonPowder@20	Silver Wind@24	Seed Bomb@28	Aerial Ace@32	Stun Spore@40	Memento@48	Energy Ball@54	Bounce@60	Sleep Powder@72
190	AIPOM	Astonish@1	Scratch@1	Sand-Attack@4	Swift@8	Water Gun@11	Slash@15	Faint Attack@18	Metal Claw@22	Karate Chop@25	Headbutt@29	Bite@32	Aerial Ace@36	Force Palm@49	Double Hit@63	Fake Out@77
191	SUNKERN	Absorb@1	Growth@1	Headbutt@5	Ingrain@9	Mega Drain@13	Bullet Seed@17	Endeavor@17	Worry Seed@21	Seed Bomb@25	Synthesis@29	Endeavor@37	GrassWhistle@41	Giga Drain@45
192	SUNFLORA	Absorb@1	Nature Power@1	Growth@1	Mega Drain@5	Synthesis@9	GrassWhistle@13	Endeavor@21	Giga Drain@25	Sludge Bomb@29	Petal Dance@33	GrassWhistle@35	Morning Sun@37	Petal Dance@41	Earth Power@43
193	YANMA	Quick Attack@1	Pursuit@1	Whirlwind@6	Leech Life@11	SonicBoom@14	Uproar@17	Supersonic@22	Whirlwind@27	Bug Bite@30	Wing Attack@33	Swift@38	Steel Wing@43	Whirlwind@46	AncientPower@49	Air Slash@54	Bug Buzz@57
194	WOOPER	Water Gun@1	Acid@1	Mud Shot@5	Double Kick@9	Water Pulse@15	Headbutt@19	Mud Bomb@23	Muddy Water@29	Sludge Bomb@33	Rock Slide@37	Earthquake@43	Aqua Tail@43	Yawn@57
195	QUAGSIRE	Water Gun@1	Acid@1	Sludge Bomb@1	Dig@5	Mud Shot@9	Water Pulse@15	Body Slam@19	Mud Bomb@24	Muddy Water@31	Poison Jab@40	Ice Punch@45	Earthquake@53	Aqua Tail@60	Yawn@69
196	ESPEON	Mud-Slap@1	Tackle@1	Teleport@1	Bite@8	Confusion@15	Quick Attack@22	Swift@29	Psybeam@36	Future Sight@43	Signal Beam@50	Teleport@57	Psychic@64	Morning Sun@71	Power Swap@78
197	UMBREON	Payback@1	Tackle@1	Faint Attack@1	Secret Power@8	Bite@15	Confuse Ray@22	Body Slam@29	Crunch@36	Assurance@43	Sand-Attack@50	Pursuit@57	Double Kick@64	Moonlight@71	Guard Swap@78
198	MURKROW	Air Slash@1	Pursuit@1	Whirlwind@5	Assurance@31	Drill Peck@35	Night Shade@45	Dark Pulse@50	Whirlwind@51	Brave Bird@55	Heat Wave@61	Night Slash@65
199	SLOWKING	Trump Card@1	Psych Up@1	Headbutt@1	Aurora Beam@1	Confusion@1	Body Slam@6	Water Pulse@11	Disable@15	Swagger@20	Power Gem@25	Zen Headbutt@29	Aqua Tail@34	Yawn@39	Teleport@43	Psychic@48	Hydro Pump@53	Slack Off@57
200	MISDREAVUS	Astonish@1	Bite@1	Uproar@5	Teleport@10	Night Shade@14	Confuse Ray@19	Psybeam@23	Power Gem@28	Ominous Wind@32	Teleport@37	Pain Split@41	Shadow Ball@46	Shadow Sneak@80
201	UNOWN	Hidden Power@1
202	WOBBUFFET	Counter@1	Mirror Coat@1	Safeguard@1	Destiny Bond@1
203	GIRAFARIG	Double Kick@1	Odor Sleuth@1	Stomp@1	Confusion@1	Bite@1	Body Slam@5	Psybeam@10	Bite@14	Guard Swap@19	Sleep Talk@23	Crunch@28	Double Hit@32	Psychic@37	Earthquake@41	Power Swap@46
204	PINECO	Bug Buzz@1	Revenge@1	Selfdestruct@6	Dig@9	Take Down@12	Bug Bite@17	Drill Run@20	Take Down@23	Iron Head@28	Selfdestruct@31	Pin Missile@34	Explosion@39	Payback@43	Sweet Scent@45
205	FORRETRESS	Flash Cannon@1	Rollout@1	Zap Cannon@1	Selfdestruct@1	Bug Buzz@1	Mirror Shot@6	Bite@9	Drill Run@12	Payback@17	Ingrain@20	Revenge@23	Rock Blast@28	Iron Head@31	Bug Bite@33	Selfdestruct@38	Crunch@42	Explosion@50	Pin Missile@55	Gyro Ball@62	Spikes@97
206	DUNSPARCE	Secret Power@1	Pursuit@1	Dig@9	Glare@13	Poison Jab@14	Endeavor@21	Yawn@25	Rock Slide@29	Body Slam@33	Zen Headbutt@37	Glare@41	Drill Run@45	Headbutt@49	Roost@53
207	GLIGAR	Night Slash@1	ViceGrip@5	Brick Break@9	X-Scissor@12	Dig@16	Poison Sting@20	Rock Slide@23	Wing Attack@27	Aerial Ace@31	Poison Jab@34	Crunch@45	Aqua Tail@65	Earthquake@80
208	STEELIX	Thunder Fang@1	Ice Fang@1	Fire Fang@1	Roar@1	Dig@1	Screech@1	Swallow@1	Slam@6	Roar@9	Aqua Tail@14	Iron Tail@17	Rock Slide@22	Crunch@25	Selfdestruct@30	Gyro Ball@33	Iron Head@44	Explosion@47	Roar@50	Earthquake@54	Stone Edge@70
209	SNUBBULL	Odor Sleuth@1	Snore@1	Pound@1	Tackle@1	Lick@1	Bite@1	Roar@1	Present@7	Metronome@13	Double Kick@19	Body Slam@25	Roar@31	Crunch@37	Seismic Toss@43	Thrash@79
210	GRANBULL	Ice Fang@1	Fire Fang@1	Thunder Fang@1	Tackle@1	Lick@1	Bite@1	Roar@1	Headbutt@7	Payback@13	Brick Break@19	Body Slam@27	Roar@35	Crunch@43	Earthquake@51	Double-Edge@59
211	QWILFISH	Poison Sting@1	Toxic@1	BubbleBeam@1	Selfdestruct@9	Pin Missile@9	Shadow Ball@13	Brine@17	Explosion@21	Twineedle@25	Payback@25	Double-Edge@29	Hydro Pump@33	Poison Jab@37	Selfdestruct@41	Explosion@45	Dive@49	Poison Tail@73	Aqua Tail@87
212	SCIZOR	Double Hit@1	Flash Cannon@1	Silver Wind@1	ViceGrip@5	Wing Attack@9	Bug Buzz@13	Double-Edge@17	Steel Wing@21	Brick Break@25	Aerial Ace@29	Feint@33	Metal Claw@37	Slash@41	Night Slash@45	Cross Chop@49	Iron Head@53	X-Scissor@57	Pursuit@61
213	SHUCKLE	Gyro Ball@1	Rock Slide@1	Wrap@1	Encore@9	Bide@14	Bug Bite@22	Sweet Scent@27	Power Trick@35	Sand Tomb@40	Gastro Acid@48
214	HERACROSS	Close Combat@1	Leech Life@1	Seismic Toss@1	Aerial Ace@1	Karate Chop@1	Pin Missile@7	Rock Slide@13	Night Slash@19	Brick Break@25	X-Scissor@31	Facade@37	Pursuit@43	Cross Chop@49	Megahorn@55
215	SNEASEL	Scratch@1	Powder Snow@1	Dark Pulse@1	Beat Up@8	Ice Fang@10	Faint Attack@14	Slash@21	Metal Claw@24	Ice Punch@28	Night Slash@35	Aerial Ace@38	Brick Break@42	Ice Shard@99
216	TEDDIURSA	Pound@1	Roar@1	Lick@1	Faint Attack@1	Metal Claw@1	Karate Chop@8	Sweet Scent@15	Night Slash@22	Submission@29	Sleep Talk@43	Crunch@43	Double-Edge@47	Close Combat@55	Thrash@60
217	URSARING	Cross Chop@1	Metal Claw@1	Slash@1	Lick@1	Hammer Arm@1	Return@8	Fire Punch@15	Night Slash@22	Submission@29	Roar@38	Cross Chop@47	Crunch@49	Earthquake@58	Roar@67	Shadow Claw@80	Double-Edge@100
218	SLUGMA	Fire Spin@1	Smog@1	Rock Throw@8	Recover@11	Rock Slide@21	Will-O-Wisp@23	Body Slam@25	Lava Plume@25	Heat Wave@38	Energy Ball@41	Earth Power@46	AncientPower@53	Magma Storm@56
219	MAGCARGO	Yawn@1	Selfdestruct@1	Hyper Beam@1	Fire Spin@1	Rock Throw@8	Recover@11	Lava Plume@16	Will-O-Wisp@23	Rock Slide@26	Energy Ball@31	Heat Wave@40	Explosion@45	Earth Power@52	AncientPower@61	Magma Storm@66
220	SWINUB	Odor Sleuth@1	Powder Snow@1	Mud-Slap@4	Headbutt@8	Rock Throw@13	Aurora Beam@16	Dig@20	Rock Slide@25	Bite@28	Ice Fang@39	Earthquake@42	Crunch@45	Stone Edge@55	Icicle Spear@60
221	PILOSWINE	Brick Break@1	Double-Edge@1	Headbutt@1	Sand Tomb@1	Rock Throw@1	Powder Snow@4	Mud Bomb@8	Body Slam@13	Rock Slide@16	Ice Beam@20	Dig@25	Stone Edge@28	Ice Fang@32	Take Down@33	Roar@40	Crunch@48	Earthquake@56	Icicle Spear@65
222	CORSOLA	Rollout@1	AncientPower@4	BubbleBeam@8	Selfdestruct@13	Refresh@16	Power Gem@20	Recover@25	Muddy Water@28	Ice Beam@32	Rock Blast@37	Explosion@40	Aqua Cutter@44	Icicle Spear@48	Head Smash@53	Muddy Water@55	Scald@58
223	REMORAID	Psybeam@1	Swift@3	Water Gun@5	Aurora Beam@14	Signal Beam@19	BubbleBeam@23	Water Pulse@27	Lock-On@32	Fire Blast@36	Hyper Beam@40	Hydro Pump@50	Hydro Cannon@93
224	OCTILLERY	Gunk Shot@1	Double-Edge@1	Mud Shot@1	SmokeScreen@1	Psybeam@1	Ice Beam@1	Wrap@6	BubbleBeam@10	Bullet Seed@14	Rock Blast@19	Signal Beam@23	Octazooka@25	Wring Out@29	Tri Attack@36	Head Smash@42	Submission@55	Hydro Pump@57
225	DELIBIRD	Present@1	Powder Snow@4	Gust@7	Present@11	Aurora Beam@18	Icy Wind@22	Drill Run@25	Ice Beam@29	Blizzard@34	Destiny Bond@44	Spikes@80
226	MANTINE	Psybeam@1	Bullet Seed@1	Signal Beam@1	Tackle@1	Bubble@1	Supersonic@1	Twister@1	Mud-Slap@4	Bounce@10	BubbleBeam@13	Psybeam@19	Air Cutter@22	Signal Beam@28	Water Pulse@31	Confuse Ray@37	Air Slash@40	Ice Beam@46	Hydro Pump@49
227	SKARMORY	Whirlwind@1	Wing Attack@1	Double-Edge@6	Roar@9	Take Down@12	Aerial Ace@17	Whirlwind@20	Flash Cannon@23	Double-Edge@28	Drill Peck@31	Roar@34	Whirlwind@39	Steel Wing@42	Brave Bird@45
228	HOUNDOUR	Roar@1	Pursuit@1	Smog@4	Ember@9	Bite@14	Roar@17	Double-Edge@22	Beat Up@27	Fire Fang@30	Faint Attack@35	Crunch@40	Roar@43	Flamethrower@48	Dark Pulse@53
229	HOUNDOOM	Smog@1	Pursuit@1	Ember@1	Roar@1	Sludge Bomb@1	Toxic@4	Fire Spin@9	Bite@14	Roar@17	Thunder Fang@22	Fire Fang@28	Crunch@32	Poison Fang@38	Roar@44	Flamethrower@60	Dark Pulse@70	Will-O-Wisp@90	Teleport@91	Roar@92
230	KINGDRA	Whirlpool@1	Water Pulse@1	SmokeScreen@1	Swift@1	Water Gun@1	SmokeScreen@4	Twister@8	Water Gun@11	Aurora Beam@14	Body Slam@18	Hydro Pump@23	DragonBreath@26	Double-Edge@30	Ice Beam@40	Octazooka@48	Dragon Pulse@57
231	PHANPY	Odor Sleuth@1	Tackle@1	Water Gun@1	Rock Throw@1	Dig@6	Flail@10	Body Slam@15	Rock Slide@19	Bulldoze@24	Hydro Pump@28	Slam@33	Rollout@37	Earthquake@42
232	DONPHAN	Fire Fang@1	Thunder Fang@1	Seed Bomb@1	Tackle@1	Rock Slide@1	Double-Edge@1	Rollout@6	Sand Tomb@10	Assurance@15	Body Slam@19	Rock Slide@24	Take Down@25	Roar@31	Slam@39	Rollout@46	Earthquake@54
233	PORYGON2	Conversion 2@1	Teleport@1	Shock Wave@1	Swift@1	Psybeam@7	Hidden Power@12	Recover@18	Teleport@23	Double-Edge@29	Signal Beam@34	Discharge@40	Tri Attack@45	Teleport@51	Ice Beam@56	Shadow Ball@62	Hyper Beam@97
234	STANTLER	Megahorn@1	Hi Jump Kick@3	Me First@7	Hypnosis@10	Stomp@13	Confuse Ray@16	Zen Headbutt@21	Teleport@23	Body Slam@27	Role Play@33	Extrasensory@38	Spacial Rend@43	Earthquake@49	Gravity@53	Teleport@55
235	SMEARGLE	Sketch@1	Sketch@11	Sketch@21	Sketch@31	Sketch@41	Sketch@51	Sketch@61	Sketch@71	Sketch@81	Sketch@91
236	TYROGUE	Tackle@1	Helping Hand@1	Foresight@1	Fake Out@50
237	HITMONTOP	Low Kick@1	Rolling Kick@1	Mega Kick@6	Body Slam@10	Ice Punch@15	Rolling Kick@19	Rock Throw@24	Low Kick@28	Blaze Kick@33	Drill Run@37	Quick Attack@42	Gyro Ball@46	Pursuit@51	Triple Kick@55
238	SMOOCHUM	Pound@1	Lick@5	Sweet Kiss@8	Powder Snow@11	Confusion@15	Sweet Kiss@18	Seismic Toss@21	Psybeam@25	Aurora Beam@28	Copycat@31	Focus Blast@35	Psychic@38	Sing@41	Ice Beam@45
239	ELEKID	ThunderShock@1	Pound@1	Low Kick@7	Shock Wave@10	Seismic Toss@16	Swift@19	Karate Chop@25	Fire Punch@28	Cross Chop@34	Fire Punch@37	Ice Punch@43	Thunderbolt@46
240	MAGBY	Ember@1	Smog@1	Pound@7	Confuse Ray@10	Fire Punch@16	Faint Attack@19	ThunderPunch@25	Karate Chop@28	Lava Plume@34	Psychic@37	Cross Chop@43	Overheat@46
241	MILTANK	Stomp@1	Present@3	Pound@5	Seismic Toss@8	Milk Drink@11	Body Slam@15	Earthquake@19	Wake-Up Slap@24	Zen Headbutt@29	Double-Edge@35	Milk Drink@41	Hammer Arm@48	Heal Bell@55
242	BLISSEY	Pound@1	Submission@1	Teleport@5	Take Down@9	Double-Edge@12	DoubleSlap@16	Metronome@20	Teleport@23	Fling@27	Submission@31	Double-Edge@34	Teleport@38	Take Down@42	Egg Bomb@46
243	RAIKOU	ThunderShock@1	Teleport@1	Metal Claw@8	Bite@15	Thunder Fang@22	Roar@29	Teleport@36	Extrasensory@43	Crunch@50	Wild Charge@57	Roar@64	Shadow Ball@71	Aura Sphere@78	Discharge@85
244	ENTEI	Flare Blitz@1	Crush Claw@1	Stone Edge@8	Bite@15	Lava Plume@22	Roar@29	Stomp@36	Metal Claw@43	Extrasensory@50	Eruption@57	Roar@64	Iron Tail@71	ExtremeSpeed@78	Sacred Fire@85
245	SUICUNE	Bite@1	Ice Fang@1	Gust@8	Aurora Beam@15	BubbleBeam@22	Roar@29	Extrasensory@36	Hyper Beam@43	Air Slash@50	Brine@57	Roar@64	Ominous Wind@71	Ice Beam@78	Hydro Pump@85
246	LARVITAR	Bite@1	Earth Power@1	Dark Pulse@5	Double-Edge@10	Roar@14	Bulldoze@19	Rock Slide@23	Crunch@28	Hyper Beam@32	Roar@37	Earthquake@41	Stone Edge@46	Double-Edge@50
247	PUPITAR	Assurance@1	Iron Head@1	Superpower@1	Poison Gas@1	Sand Tomb@5	Hyper Beam@10	Roar@14	Pursuit@19	Bulldoze@23	Rock Slide@28	Take Down@34	Roar@41	Earthquake@47	Stone Edge@54	Payback@60
248	TYRANITAR	Thunder Fang@1	Ice Fang@1	Fire Fang@1	Bite@1	Earth Power@1	Assurance@1	Hyper Beam@1	Superpower@5	Pursuit@10	Roar@14	Take Down@19	Bulldoze@23	Rock Slide@28	Payback@34	Roar@41	Earthquake@60	Stone Edge@70	Crunch@70
249	LUGIA	Gust@1	Whirlpool@9	Hydro Pump@15	Recover@23	Sky Attack@29	Punishment@37	Whirlwind@43	AncientPower@51	Roar@57	Aeroblast@65	Extrasensory@71	Whirlwind@79	Recover@85	Roar@93	Psycho Boost@99
250	HO-OH	Hyper Beam@1	Earthquake@9	Fire Spin@15	Flare Blitz@23	Roar@29	Punishment@37	AncientPower@43	Whirlwind@51	Heat Wave@57	Sky Attack@65	Roar@71	Recover@79	Whirlwind@85	Brave Bird@93	Sacred Fire@99
251	CELEBI	Hyper Beam@1	Confusion@1	Magical Leaf@1	Recover@1	Safeguard@10	Heal Bell@19	Teleport@28	Earth Power@37	Seed Bomb@46	Psychic@55	Recover@64	Teleport@73	AncientPower@82	Leaf Storm@91
252	TREECKO	Pound@1	Mega Drain@1	Seismic Toss@6	Bite@11	Razor Leaf@17	Swift@21	Crunch@26	Secret Power@31	Magical Leaf@36	DragonBreath@41	Rock Slide@46	ThunderPunch@51	Leaf Blade@54
253	GROVYLE	Camouflage@1	Pound@1	Razor Leaf@1	Pursuit@1	Swift@6	Bite@11	Razor Leaf@19	Dig@23	False Swipe@27	Crunch@31	Magical Leaf@39	X-Scissor@41	Secret Power@44	ThunderPunch@53	Leaf Blade@60
254	SCEPTILE	Crunch@1	Seed Bomb@1	False Swipe@1	Magical Leaf@1	Pursuit@1	Brick Break@6	Camouflage@11	Razor Leaf@16	Night Slash@17	X-Scissor@23	DragonBreath@29	Magical Leaf@41	Secret Power@47	Nature Power@53	Dragon Claw@60	Leaf Blade@70
255	TORCHIC	Scratch@1	Peck@1	Ember@7	Double Kick@10	Swift@16	Aerial Ace@17	Flame Wheel@21	Dig@28	Flamethrower@34	Mirror Move@37	Fire Blast@43
256	COMBUSKEN	Triple Kick@1	Hyper Voice@1	Metal Claw@1	Fire Punch@1	Swift@7	Night Slash@13	Double Kick@16	Aerial Ace@19	Flame Wheel@23	Rolling Kick@28	Slash@32	ThunderPunch@39	Flamethrower@43	Jump Kick@50	Blaze Kick@54	Brave Bird@70
257	BLAZIKEN	Sky Uppercut@1	Dig@1	Flamethrower@1	Fire Punch@1	Fire Spin@1	Mega Kick@7	Metal Claw@13	Double Kick@16	Flame Wheel@17	Poison Jab@21	Night Slash@28	Slash@32	Flamethrower@50	Roar@55	ThunderPunch@58	Aura Sphere@60	Blaze Kick@66
258	MUDKIP	Tackle@1	Water Gun@1	Mud-Slap@6	Rock Throw@10	Rock Smash@15	BubbleBeam@19	Mud Bomb@24	Rock Slide@28	Brick Break@33	Hydro Pump@37	Superpower@42	Aqua Tail@46
259	MARSHTOMP	Tackle@1	Water Gun@1	Mud-Slap@1	Endeavor@1	Rock Throw@6	BubbleBeam@10	Dig@15	Take Down@16	Mud Bomb@20	Muddy Water@25	Earth Power@31	Secret Power@37	Ice Beam@48	Earthquake@50	Aqua Tail@56
260	SWAMPERT	Superpower@1	Mud-Slap@1	Mud Shot@1	Water Gun@1	Body Slam@6	Mud Bomb@10	Hammer Arm@15	BubbleBeam@16	AncientPower@20	Earth Power@25	Ice Beam@31	Muddy Water@39	Stone Edge@60	Earthquake@68	Ice Punch@72	Aqua Tail@77
261	POOCHYENA	Quick Attack@1	Tackle@5	Sand-Attack@9	Bite@13	Yawn@17	Odor Sleuth@21	Body Slam@25	Assurance@29	Poison Fang@33	Crunch@37	Fire Fang@41	Beat Up@45	Super Fang@49	Pursuit@53	Sucker Punch@55
262	MIGHTYENA	Quick Attack@1	Pursuit@1	Sand-Attack@1	Body Slam@1	Poison Fang@5	Yawn@9	Bite@13	Odor Sleuth@17	Assurance@22	Thunder Fang@27	Poison Fang@37	Beat Up@42	Crunch@49	Roar@50	Fire Fang@52	Pursuit@57	Super Fang@62	Sucker Punch@66	Roar@70
263	ZIGZAGOON	Quick Attack@1	Sand-Attack@1	Bite@5	Headbutt@9	Mud-Slap@13	Odor Sleuth@17	Body Slam@25	Pin Missile@25	Fury Swipes@29	Pursuit@33	Dig@37	Seed Bomb@41	ExtremeSpeed@45
264	LINOONE	Fling@1	Tackle@1	Metal Claw@1	Body Slam@1	Gunk Shot@1	Pin Missile@5	Headbutt@9	Sand-Attack@13	Quick Attack@17	Iron Tail@23	Night Slash@29	Fury Swipes@35	Seed Bomb@41	Dig@47	Pursuit@53	ExtremeSpeed@59
265	WURMPLE	Poison Sting@1	String Shot@1	Bug Bite@3	Tackle@5
266	SILCOON	Bug Bite@1	Iron Defense@7
267	BEAUTIFLY	Leech Life@1	Mega Drain@10	Gust@11	Stun Spore@13	Morning Sun@17	Silver Wind@20	Aerial Ace@21	Attract@23	Giga Drain@24	Bug Buzz@28	Air Slash@29
268	CASCOON	Bug Bite@1	Iron Defense@7
269	DUSTOX	Bug Bite@1	Psybeam@10	Moonlight@12	PoisonPowder@15	Silver Wind@17	Sludge Bomb@20	Whirlwind@23	Toxic@25	Bug Buzz@27	Poison Fang@30	Light Screen@34
270	LOTAD	Bubble@1	Tackle@3	Astonish@5	Razor Leaf@7	Water Gun@11	Absorb@13	Nature Power@19	Magical Leaf@25	BubbleBeam@31	Zen Headbutt@37	Teeter Dance@45	Energy Ball@50
271	LOMBRE	Uproar@1	Tackle@3	Astonish@5	Razor Leaf@7	Water Gun@11	Absorb@15	Nature Power@21	Magical Leaf@28	BubbleBeam@35	Zen Headbutt@41	Ice Punch@45	Energy Ball@55	Hydro Pump@60
272	LUDICOLO	Fire Punch@1	ThunderPunch@1	Energy Ball@1	Ice Punch@1
273	SEEDOT	Mega Drain@1	Leech Life@3	Absorb@7	Selfdestruct@13	Giga Drain@21	Seed Bomb@31	Explosion@43
274	NUZLEAF	Fake Out@1	Nature Power@1	Silver Wind@3	Rock Slide@7	Faint Attack@13	Razor Leaf@19	Extrasensory@25	Explosion@31	Night Slash@37	Leaf Blade@43	GrassWhistle@49
275	SHIFTRY	Crunch@1	Whirlwind@1	Explosion@1	Heat Wave@1	Leaf Blade@55
276	TAILLOW	Peck@1	Uproar@1	Whirlwind@4	Wing Attack@8	Tackle@13	Hyper Voice@19	Roar@26	Endeavor@34	Facade@55	Brave Bird@60
277	SWELLOW	Pluck@1	Pursuit@1	Heat Wave@1	Air Slash@1	Steel Wing@1	Hyper Voice@4	Whirlwind@8	Quick Attack@13	Aerial Ace@19	Endeavor@28	Roar@38	Double-Edge@59	Brave Bird@75
278	WINGULL	Peck@1	Water Gun@1	Supersonic@6	Bite@11	Wing Attack@16	Water Pulse@19	Pursuit@24	Pluck@29	Ice Beam@34	Brine@37	Air Slash@42	Hydro Pump@47
279	PELIPPER	Fling@1	Headbutt@1	Swift@1	Supersonic@1	Water Gun@6	Wing Attack@11	Bite@16	Pursuit@19	BubbleBeam@24	Pluck@25	Payback@31	Ice Beam@34	Brine@37	Air Slash@38	Swallow@53	Roost@55	Hydro Pump@60	Whirlwind@61
280	RALTS	Confusion@1	Magical Leaf@10	Psybeam@17	Future Sight@21	Lucky Chant@23	Fire Punch@28	Zen Headbutt@32	Thunderbolt@34	Psychic@39	Hypnosis@43	Heart Swap@45	Mystical Fire@47
281	KIRLIA	Petal Dance@1	Blaze Kick@1	Triple Axel@1	Confusion@6	Future Sight@19	Magical Leaf@20	Lucky Chant@25	Zen Headbutt@28	Seismic Toss@31	Thunderbolt@36	Teleport@39	Psychic@45	Hypnosis@50	Heart Swap@53	Mystical Fire@55
282	GARDEVOIR	Shadow Ball@1	Tri Attack@1	Signal Beam@1	Psybeam@1	Hyper Voice@1	Triple Axel@6	Mystical Fire@10	Extrasensory@12	Magical Leaf@22	Thunderbolt@25	Gravity@33	Psychic@48	Heart Swap@63	Aura Sphere@70	Spacial Rend@75
283	SURSKIT	Bubble@1	Quick Attack@7	Sweet Scent@13	Signal Beam@19	BubbleBeam@25	Bug Buzz@31	Mud Bomb@37	Stun Spore@37	Hydro Pump@43
284	MASQUERAIN	Ominous Wind@1	Mud Bomb@1	Quick Attack@1	Sweet Scent@1	Silver Wind@1	Water Pulse@7	Sweet Scent@13	Signal Beam@19	Air Cutter@22	Giga Drain@26	Stun Spore@33	Bug Buzz@40	Air Slash@47	Ice Beam@54	Hydro Pump@61
285	SHROOMISH	PoisonPowder@1	Mega Drain@5	Take Down@9	Stun Spore@13	Headbutt@17	Mega Drain@21	Take Down@25	Sleep Powder@49	Sludge Bomb@53	Double-Edge@57	Seed Bomb@61	Spore@100
286	BRELOOM	Sky Uppercut@1	Tackle@1	Revenge@1	Iron Tail@1	Headbutt@5	Take Down@9	Mega Drain@13	Take Down@17	Sludge Bomb@21	Force Palm@23	Take Down@29	Giga Drain@30	Submission@60	Stun Spore@67	Seed Bomb@71	Mach Punch@100
287	SLAKOTH	Snore@1	Take Down@1	Bite@7	Faint Attack@13	Metal Claw@19	Slash@25	Night Slash@31	Slack Off@37	Yawn@43
288	VIGOROTH	Slash@1	Metal Claw@1	Uproar@1	Roar@1	Crush Claw@7	Night Slash@13	Fury Swipes@19	Double-Edge@24	Roar@31	Pursuit@37	Submission@43	Thrash@49
289	SLAKING	Hammer Arm@1	Rest@1	Bite@1	Take Down@1	Ice Punch@7	ThunderPunch@13	Fire Punch@19	Roar@25	Double-Edge@31	Night Slash@36	Submission@37	Crush Grip@43	Roar@49	Punishment@55	Slack Off@61
290	NINCADA	Uproar@1	Mud-Slap@1	Leech Life@5	Hyper Voice@9	Bug Buzz@14	Dig@19	Metal Claw@25	Fury Swipes@31	X-Scissor@38	Shadow Claw@45
291	NINJASK	Bug Bite@1	Uproar@1	Roar@1	Leech Life@1	Fury Swipes@1	Whirlwind@5	Metal Claw@9	Teleport@14	Bug Buzz@19	Roar@20	Hyper Voice@20	Whirlwind@20	Aerial Ace@25	Teleport@31	Quick Attack@38	Roar@45	X-Scissor@52
292	SHEDINJA	Take Down@1	Will-O-Wisp@1	Leech Life@5	Shadow Sneak@9	Double-Edge@14	Confuse Ray@19	Shadow Claw@25	Bug Bite@31	Curse@38	Teleport@45	X-Scissor@52	Pain Split@59
293	WHISMUR	Pound@1	Uproar@5	Growl@11	Astonish@15	Supersonic@21	Stomp@25	Screech@31	Roar@35	Rest@41	Sleep Talk@41	Hyper Voice@45
294	LOUDRED	Pound@1	Uproar@1	Astonish@1	Howl@1	Uproar@5	Astonish@11	Screech@15	Bite@20	Supersonic@23	Stomp@29	Screech@37	Roar@43	Rest@51	Sleep Talk@51	Hyper Voice@57
295	EXPLOUD	Metal Sound@1	Extrasensory@1	Water Pulse@1	Uproar@1	Thunder Fang@1	Ice Fang@1	Fire Fang@1	Bite@5	Howl@11	Body Slam@15	Crunch@20	Supersonic@23	Screech@29	Endeavor@37	Hammer Arm@40	Earthquake@45	Roar@55	Hyper Voice@55	Focus Blast@63	Double-Edge@71
296	MAKUHITA	Karate Chop@1	Pound@1	Sand-Attack@4	Whirlwind@7	Vital Throw@10	Take Down@13	Seismic Toss@16	Whirlwind@19	Submission@22	SmellingSalt@25	Force Palm@28	Body Slam@31	Whirlwind@34	Close Combat@52	Shadow Punch@55	Fake Out@70
297	HARIYAMA	Brine@1	Mega Punch@1	Cross Chop@1	Payback@1	Ice Punch@1	Fire Punch@4	Seismic Toss@7	Vital Throw@10	ThunderPunch@13	Body Slam@16	Whirlwind@19	SmellingSalt@22	Submission@27	Force Palm@32	Body Slam@37	Whirlwind@42	Shadow Punch@47	Close Combat@90	Fake Out@99
298	AZURILL	Present@1	Water Gun@2	Pound@7	BubbleBeam@10	Slam@25	Bounce@28
299	NOSEPASS	Headbutt@1	Rock Slide@7	Seismic Toss@13	Iron Head@19	Power Gem@25	Discharge@31	Selfdestruct@37	Earth Power@43	AncientPower@49	Thunder Wave@55	Explosion@61	Earthquake@67	Head Smash@73	Metal Burst@79
300	SKITTY	Growl@1	Quick Attack@1	Present@1	Fake Out@1	Foresight@6	Attract@8	Sing@11	DoubleSlap@15	Copycat@18	Assist@22	Hyper Voice@25	Faint Attack@29	Charm@32	Wake-Up Slap@36	Heal Bell@39	Double Hit@42	Tail Whip@45	Captivate@46
301	DELCATTY	Fake Out@1	Assist@1	Sing@1	Copycat@1
302	SABLEYE	Will-O-Wisp@1	Scratch@1	Foresight@4	Night Shade@8	Teleport@11	Faint Attack@15	Fake Out@18	Brick Break@22	Shadow Sneak@25	Teleport@29	Zen Headbutt@32	Punishment@36	Shadow Claw@39	Power Gem@43	Teleport@46	Double-Edge@50	Crunch@53	Recover@57
303	MAWILE	Bite@1	False Swipe@6	Metal Claw@11	Sweet Scent@16	Fire Fang@21	Poison Fang@26	Iron Head@31	Super Fang@36	Crunch@41	Thunder Fang@46	Meteor Mash@51	Swallow@51	Ice Fang@51	ViceGrip@56
304	ARON	Rock Throw@1	Dig@4	Iron Head@8	Headbutt@11	Rock Throw@15	Roar@18	Take Down@22	Flash Cannon@25	Body Slam@29	Rock Slide@35	Roar@36	Iron Head@39	Metal Burst@43	Head Smash@60
305	LAIRON	Secret Power@1	SmellingSalt@1	Roar@1	Headbutt@1	Rock Throw@4	Metal Claw@8	Take Down@11	Rock Slide@15	Roar@18	Double-Edge@22	Flash Cannon@25	Earthquake@29	Rock Slide@34	Roar@40	Iron Head@45	Metal Burst@51	Stone Edge@65
306	AGGRON	Secret Power@1	Nature Power@1	Earthquake@1	Hyper Beam@1	Body Slam@4	Aqua Tail@8	Metal Claw@11	Rock Slide@15	Seed Bomb@18	Double-Edge@22	Flash Cannon@25	Earthquake@29	Stone Edge@34	Roar@40	Iron Head@48	Metal Burst@57	Stone Edge@75
307	MEDITITE	Teleport@1	Karate Chop@4	Confusion@8	Hidden Power@11	Secret Power@15	Teleport@18	Rock Throw@22	Seismic Toss@25	Psybeam@29	Poison Jab@32	Teleport@36	Zen Headbutt@49	Force Palm@54	Meditate@100
308	MEDICHAM	Brick Break@1	Poison Jab@1	ThunderPunch@1	Ice Punch@1	Seismic Toss@1	Body Slam@1	Hidden Power@1	Karate Chop@4	Psychic@8	Secret Power@11	Iron Head@15	Teleport@18	Fire Punch@22	Ice Punch@25	Force Palm@29	Psychic@32	Teleport@36	Recover@42	Jump Kick@70	Psycho Cut@77
309	ELECTRIKE	Tackle@1	ThunderShock@4	Roar@9	Thunder Wave@12	Shock Wave@20	Bite@25	Swift@28	Wild Charge@33	Roar@36	Teleport@41	Discharge@44	Flamethrower@49
310	MANECTRIC	Fire Fang@1	Thunder Fang@1	Thunder Wave@1	Roar@1	Signal Beam@1	Thunder Wave@4	Ice Fang@9	Shock Wave@12	Teleport@17	Wild Charge@20	Crunch@26	Flame Wheel@30	Thunder Fang@37	Roar@42	Teleport@49	Thunderbolt@60	Fire Blast@65
311	PLUSLE	ThunderShock@1	Thunder Wave@3	Quick Attack@7	Helping Hand@10	ThunderPunch@15	Fire Punch@17	Swift@21	Copycat@24	Wild Charge@29	Ice Punch@31	Charge@35	Hyper Voice@38	Discharge@42	Grass Knot@44	Thunderbolt@48	Fake Tears@51
312	MINUN	ThunderShock@1	Thunder Wave@3	Quick Attack@7	Helping Hand@10	ThunderPunch@15	Fire Punch@17	Swift@21	Copycat@24	Wild Charge@29	Ice Punch@31	Charge@35	Hyper Voice@38	Discharge@42	Grass Knot@44	Thunderbolt@48	Charm@51
313	VOLBEAT	Flash@1	Quick Attack@1	Signal Beam@5	Confuse Ray@9	Moonlight@13	Seismic Toss@17	ThunderPunch@21	Thunder Wave@25	Bug Bite@29	Helping Hand@33	Zen Headbutt@37	Tail Glow@41	U-turn@45
314	ILLUMISE	Quick Attack@1	Sweet Scent@5	Flatter@9	Moonlight@13	Bug Bite@17	Encore@21	Signal Beam@25	Thunder Wave@29	Helping Hand@33	Giga Drain@37	Bug Buzz@41	Charm@45
315	ROSELIA	Mega Drain@1	Poison Sting@4	Twineedle@7	Stun Spore@10	Mega Drain@16	DoubleSlap@19	Pin Missile@22	Toxic@25	Magical Leaf@28	Poison Jab@31	Needle Arm@33	Aromatherapy@65	GrassWhistle@70	Sludge Bomb@77	Extrasensory@85	Petal Dance@90
316	GULPIN	Acid@1	Mega Drain@6	Toxic@9	Body Slam@14	Encore@17	Sludge@23	Smog@28	Payback@34	Yawn@34	Sludge Bomb@34	Explosion@39	Gastro Acid@44	Wring Out@49	Swallow@54
317	SWALOT	Toxic@1	Rollout@1	Sludge Bomb@1	Giga Drain@1	Body Slam@6	Wring Out@9	Acid@14	Poison Gas@17	Encore@23	Poison Jab@26	Selfdestruct@30	Yawn@38	Fire Punch@38	Sludge Bomb@38	Explosion@45	Gastro Acid@52	Earthquake@59	Swallow@66
318	CARVANHA	Water Gun@1	Bite@1	Rage@6	Bug Bite@8	Hyper Fang@11	Faint Attack@16	Aqua Cutter@18	Water Pulse@21	Payback@26	Dark Pulse@28	Poison Fang@38	Dive@44	Pursuit@50	Crunch@55	Ice Fang@60	ViceGrip@66
319	SHARPEDO	Feint@1	Whirlpool@1	Bite@1	Rage@1	Night Slash@1	Aqua Tail@6	Thrash@8	Aerial Ace@11	Ice Fang@16	Fire Fang@18	Thunder Fang@21	Assurance@26	Aqua Cutter@28	Hyper Fang@30	Water Pulse@34	Pursuit@43	Crunch@45	Super Fang@66	Aqua Jet@96
320	WAILMER	Water Pulse@1	Astonish@4	Body Slam@7	Whirlpool@11	Ice Ball@14	Brine@17	Hyper Voice@21	Roar@24	Swallow@27	Dive@31	Bounce@34	Selfdestruct@37	Roar@41	Hydro Pump@54	Water Spout@100
321	WAILORD	Water Pulse@1	Body Slam@1	Slam@1	Ice Ball@1	Double-Edge@4	Brine@7	Astonish@11	Whirlpool@14	Astonish@17	Dive@21	Hyper Voice@24	Roar@27	Swallow@31	Aqua Tail@34	Bounce@37	Selfdestruct@46	Roar@54	Hydro Pump@67
322	NUMEL	Tackle@1	Rock Throw@1	Sand Tomb@5	Fire Spin@11	Selfdestruct@15	Earth Power@21	Rock Slide@25	Lava Plume@31	Explosion@35	Earthquake@41	Stone Edge@45	Eruption@51
323	CAMERUPT	Rage@1	Thrash@1	Fire Spin@1	Sand Tomb@1	AncientPower@5	Bulldoze@11	Flare Blitz@15	Selfdestruct@21	Earth Power@25	Rock Slide@31	Lava Plume@33	Explosion@39	Earthquake@49	Stone Edge@57	Eruption@67
324	TORKOAL	Fire Spin@1	Smog@4	SmokeScreen@7	Ember@12	Dig@17	Rock Slide@20	Flame Wheel@23	Selfdestruct@28	Body Slam@33	Smog@36	Lava Plume@39	Explosion@44	Earth Power@49	AncientPower@52	Heat Wave@66
325	SPOINK	Confusion@1	Snore@7	Magic Coat@10	Psybeam@14	Body Slam@15	Confuse Ray@18	Bounce@21	Zen Headbutt@26	Signal Beam@29	Extrasensory@29	Power Gem@34	Shadow Ball@41	Aura Sphere@46	Psychic@48
326	GRUMPIG	Payback@1	Seismic Toss@1	Magic Coat@1	Brick Break@1	Snore@7	Ice Punch@10	ThunderPunch@14	Blaze Kick@15	Teeter Dance@18	Bounce@21	Zen Headbutt@26	Signal Beam@29	Extrasensory@29	Power Gem@37	Shadow Ball@47	Aura Sphere@55	Psychic@60
327	SPINDA	Tackle@1	Uproar@5	Copycat@10	Faint Attack@14	Psybeam@19	Blaze Kick@23	Dizzy Punch@28	Flail@32	Teeter Dance@44	Superpower@47	Hypnosis@50	Sucker Punch@51	Fire Spin@55
328	TRAPINCH	Bite@1	Sand-Attack@9	Bug Bite@17	Sand Tomb@25	Crunch@33	Dig@41	Poison Fang@49	Hyper Beam@57	Earthquake@65	Fire Fang@73	Superpower@89	Gastro Acid@100
329	VIBRAVA	SonicBoom@1	Acid@1	Faint Attack@1	DragonBreath@1	Sand Tomb@9	Twister@17	Sand-Attack@25	Supersonic@33	Bug Buzz@35	Whirlwind@41	Hyper Voice@49	Earthquake@57
330	FLYGON	Bug Buzz@1	Sand-Attack@1	Sand Tomb@1	Twister@1	Supersonic@9	Faint Attack@17	Hyper Voice@25	Dragon Claw@33	Earthquake@35	Whirlwind@41	Fire Punch@45	Earth Power@49	Dragon Pulse@57
331	CACNEA	Poison Sting@1	Scratch@1	Absorb@5	Leech Life@9	Mega Drain@13	Dig@17	Needle Arm@21	Pin Missile@25	Razor Leaf@29	Payback@33	Low Kick@37	ThunderPunch@41	Energy Ball@45	Dark Pulse@49	Brick Break@53	Teeter Dance@57	Needle Arm@59
332	CACTURNE	Low Kick@1	Poison Sting@1	Sand Tomb@1	Energy Ball@1	Dark Pulse@1	Leech Life@5	Pursuit@9	ThunderPunch@13	Pin Missile@17	Mega Drain@21	Faint Attack@25	Revenge@29	Payback@35	Beat Up@41	Punishment@47	Needle Arm@50	Drain Punch@59	Giga Drain@65	Sucker Punch@99
333	SWABLU	Sing@1	Pluck@1	Astonish@5	Whirlwind@9	Swift@13	Air Cutter@18	Steel Wing@23	Hyper Voice@28	Sing@32	Mirror Move@36	Refresh@40	Dragon Pulse@45	Air Slash@50
334	ALTARIA	Pluck@1	Brave Bird@1	Body Slam@1	Mirror Move@1	Fire Spin@1	Twister@5	Refresh@9	Hyper Voice@13	Safeguard@18	Dragon Rush@23	Fire Blast@28	DragonBreath@35	Sing@35	Air Slash@39	Whirlwind@46	Dragon Pulse@54	Earth Power@62	Sky Attack@70
335	ZANGOOSE	Scratch@1	Cut@1	False Swipe@5	Metal Claw@9	Fury Cutter@14	Slash@18	Fury Swipes@22	Pursuit@27	Roar@31	X-Scissor@35	Night Slash@40	Shadow Claw@44	Close Combat@68	Crush Claw@83
336	SEVIPER	Wrap@1	Cross Poison@7	Bite@10	Pursuit@16	Swallow@19	X-Scissor@25	Night Slash@28	Wring Out@34	Poison Fang@37	Fire Fang@43	Crunch@46	Earthquake@49	Glare@62	Poison Tail@83
337	LUNATONE	Night Shade@1	Moonlight@1	Dark Pulse@1	Signal Beam@9	Teleport@12	AncientPower@20	Hypnosis@23	Earth Power@31	Selfdestruct@34	Power Gem@42	Psychic@45	Aura Sphere@53	Explosion@56
338	SOLROCK	SolarBeam@1	Fire Spin@1	Sand Tomb@1	Flare Blitz@9	Teleport@12	Will-O-Wisp@20	Psycho Cut@23	Rock Slide@31	Selfdestruct@34	Zen Headbutt@42	Earthquake@45	Stone Edge@53	Explosion@56
339	BARBOACH	Mud-Slap@1	Water Gun@6	Tackle@6	Water Pulse@10	Headbutt@14	Mud Bomb@18	Bounce@22	Future Sight@26	Muddy Water@31	Zen Headbutt@31	Rock Slide@41	Earthquake@44	Wild Charge@47	Aqua Tail@51
340	WHISCASH	Zen Headbutt@1	Whirlpool@1	Mud-Slap@1	Headbutt@1	Rock Slide@1	Bounce@6	Body Slam@6	Dive@10	Mud Bomb@14	Swallow@18	Muddy Water@22	Dig@26	Body Slam@33	Future Sight@33	Rock Slide@47	Earthquake@55	Wild Charge@65	Stone Edge@70	Aqua Tail@75
341	CORPHISH	Bubble@1	False Swipe@7	BubbleBeam@10	Secret Power@13	Aerial Ace@20	Water Pulse@23	Metal Claw@26	X-Scissor@32	Night Slash@35	ViceGrip@38	Crush Claw@44	Ice Punch@47	Crunch@53	Crabhammer@55
342	CRAWDAUNT	Endeavor@1	Dark Pulse@1	Double Hit@1	Metal Claw@1	Crush Claw@7	Thrash@10	Aerial Ace@13	Seismic Toss@20	Payback@23	ViceGrip@26	X-Scissor@30	Ice Punch@34	Night Slash@39	ViceGrip@44	Crush Claw@57	Cross Chop@60	Crunch@65	Crabhammer@75
343	BALTOY	Confusion@1	Mud-Slap@3	Secret Power@5	Psybeam@7	Mud Bomb@11	Teleport@15	AncientPower@19	Zen Headbutt@25	Earth Power@31	Selfdestruct@37	Teleport@45	Psychic@53	Earthquake@61	Explosion@71
344	CLAYDOL	Teleport@1	Rock Slide@1	Secret Power@1	Hidden Power@1	Extrasensory@3	Ice Beam@5	Signal Beam@7	Psybeam@11	AncientPower@15	Teleport@19	Zen Headbutt@25	Hyper Beam@36	Earth Power@36	Selfdestruct@40	Teleport@51	Psychic@62	Earthquake@73	Explosion@86
345	LILEEP	Ingrain@1	Rock Throw@1	Acid@8	Confuse Ray@15	Wring Out@22	Rock Slide@29	Brine@36	Swallow@43	Energy Ball@50	AncientPower@57	Earth Power@57	Gastro Acid@57	Giga Drain@64
346	CRADILY	Mega Drain@1	Wrap@1	Mirror Coat@1	Ingrain@1	Gastro Acid@8	Wring Out@15	Confuse Ray@22	Stone Edge@29	Brine@36	Swallow@46	Energy Ball@56	AncientPower@66	Earth Power@66	Recover@66	Giga Drain@76
347	ANORITH	Scratch@1	Leech Life@1	Rock Throw@7	Water Pulse@13	Metal Claw@19	Aerial Ace@25	Rock Slide@31	Fury Cutter@37	Crush Claw@43	Rock Blast@49	Dive@55	X-Scissor@61
348	ARMALDO	Aerial Ace@1	Bug Bite@1	False Swipe@1	Night Slash@1	Rock Slide@7	Dive@13	Metal Claw@19	Rock Blast@25	Crush Claw@31	Fury Cutter@37	Earthquake@46	Stone Edge@55	Superpower@67	X-Scissor@73
349	FEEBAS	Water Pulse@1	Tackle@15	Flail@30
350	MILOTIC	Mirror Coat@1	Wrap@1	Aurora Beam@5	Whirlpool@9	Water Pulse@13	Twister@17	Aqua Tail@21	Hyper Voice@25	Refresh@29	DragonBreath@33	Hydro Pump@37	Twister@55	Ice Beam@76	Dragon Pulse@81
351	CASTFORM	Nature Power@1	Water Gun@10	Ember@10	Powder Snow@10	Hydro Pump@20	Flamethrower@20	Ice Beam@20	Water Ball@30
352	KECLEON	Camouflage@1	Disable@1	Seismic Toss@1	Lick@1	Low Kick@1	Swallow@4	Faint Attack@7	Conversion 2@10	Feint@14	Body Slam@18	Shadow Sneak@22	Beat Up@27	Fake Out@32	Aqua Tail@37	Fury Swipes@43	Shadow Claw@45	Recover@48	Sucker Punch@55	Poison Tail@59	Iron Tail@60
353	SHUPPET	Shadow Sneak@1	Uproar@5	Night Shade@8	Spite@16	Ominous Wind@20	Will-O-Wisp@23	Revenge@30	Teleport@31	Flatter@35	Shadow Ball@38	Pain Split@43	Thunder Wave@49
354	BANETTE	Shadow Ball@1	Pursuit@1	Ice Punch@1	ThunderPunch@1	Night Shade@5	Fire Punch@8	Submission@16	Payback@20	Body Slam@23	Shadow Punch@28	Teleport@31	Double-Edge@35	Will-O-Wisp@42	Revenge@51	Shadow Claw@58
355	DUSKULL	Astonish@1	Night Shade@1	Take Down@6	Payback@9	Teleport@14	Confuse Ray@17	Double-Edge@22	Future Sight@25	Memento@30	Teleport@33	Pain Split@38	Aura Sphere@41	Shadow Sneak@100
356	DUSCLOPS	Fire Punch@1	Ice Punch@1	ThunderPunch@1	Take Down@1	Mystical Fire@1	Shadow Ball@1	Night Shade@1	Future Sight@1	Hyper Beam@6	Zen Headbutt@9	Astonish@14	Teleport@17	Shadow Ball@22	Seismic Toss@25	Payback@30	Double-Edge@33	Teleport@37	Shadow Punch@43	Memento@51	Earthquake@61
357	TROPIUS	Seed Bomb@1	Gust@1	Body Slam@7	Nature Power@11	Sweet Scent@17	Magical Leaf@21	Aerial Ace@27	Earth Power@31	Dragon Pulse@37	Leaf Blade@41	Air Slash@47	Earthquake@51	Natural Gift@57	Leaf Storm@61
358	CHIMECHO	Safeguard@1	Wrap@6	Uproar@9	Confuse Ray@14	Heal Bell@17	Hyper Voice@22	Yawn@25	Psychic@30	Signal Beam@33	Recover@38	Shadow Ball@41	Extrasensory@46	Aura Sphere@49	Flash Cannon@51	Metal Sound@85
359	ABSOL	Faint Attack@1	Assurance@1	Bite@4	Dark Pulse@9	Aerial Ace@12	Slash@17	Rock Slide@20	Shadow Ball@22	Punishment@25	Future Sight@28	X-Scissor@40	Stone Edge@47	Pursuit@51	Shadow Claw@53	Zen Headbutt@55	Megahorn@60	Teleport@61	Night Slash@67	Psycho Cut@69	Superpower@73	Shadow Sneak@99
360	WYNAUT	Destiny Bond@1	Mimic@1	Encore@1	Counter@15	Mirror Coat@15	Safeguard@15	Metal Burst@15
361	SNORUNT	Powder Snow@1	Astonish@1	Bite@4	Headbutt@10	Aurora Beam@13	Secret Power@19	Nature Power@22	Ice Fang@28	Crunch@31	Double-Edge@37	Ice Beam@40	Shadow Ball@46
362	GLALIE	Powder Snow@1	Ice Ball@1	Rock Blast@1	Thunder Fang@1	Rock Slide@4	Bite@10	Ice Fang@13	Selfdestruct@19	Crunch@22	Earth Power@28	Ice Beam@31	Explosion@32	Stone Edge@55	Earthquake@60	Avalanche@75
363	SPHEAL	Flatter@1	Powder Snow@1	Wake-Up Slap@1	Water Gun@1	Body Slam@7	BubbleBeam@13	Bounce@19	Gyro Ball@25	Encore@31	Ice Ball@37	Dive@37	Yawn@43	Aurora Beam@49
364	SEALEO	Powder Snow@1	Odor Sleuth@1	Brine@1	Secret Power@1	Gyro Ball@7	Bite@13	Body Slam@19	Aurora Beam@25	Encore@31	Ice Ball@39	Dive@39	Yawn@47	Aurora Beam@55	Flatter@58
365	WALREIN	Body Slam@1	Brick Break@1	Brine@1	Ice Beam@1	Encore@1	Bite@7	Ice Ball@13	Brick Break@19	Icicle Spear@25	Close Combat@31	Dive@32	Super Fang@39	Ice Fang@39	Crunch@44	Aqua Tail@65	Yawn@65
366	CLAMPERL	Bubble@1	Aurora Beam@1	Secret Power@1	Water Pulse@1	Clamp@44
367	HUNTAIL	ViceGrip@1	Bite@6	Hydro Pump@10	Water Pulse@15	Ice Beam@19	Bite@24	ViceGrip@28	Body Slam@33	Ice Fang@37	Crunch@42	Aqua Tail@46	Swallow@51
368	GOREBYSS	ViceGrip@1	Confusion@6	Leech Life@10	Water Pulse@15	Aurora Beam@19	Psychic@24	Mega Drain@28	Whirlpool@33	Shadow Ball@37	Ice Beam@42	Giga Drain@46	Hydro Pump@51
369	RELICANTH	Body Slam@1	AncientPower@1	Take Down@8	Hydro Pump@15	Rock Slide@22	Double-Edge@29	Yawn@36	Dive@43	Stone Edge@50	Avalanche@57	Earthquake@64	Aqua Tail@71	Head Smash@94
370	LUVDISC	Flail@1	Charm@4	Aqua Jet@7	Water Pulse@9	Aqua Ring@14	Lucky Chant@17	Attract@22	Sweet Kiss@27	Brine@31	Safeguard@37	Captivate@40	Muddy Water@46	Heart Swap@51
371	BAGON	Headbutt@1	Rock Smash@5	Zen Headbutt@10	Roar@16	Iron Head@20	Dragon Claw@25	Double-Edge@31	Crunch@35	Roar@40	Outrage@66	Rollout@99	Head Smash@99
372	SHELGON	DragonBreath@1	Thunder Fang@1	Iron Head@1	Headbutt@1	Bite@5	Fire Fang@10	Take Down@16	Roar@20	Zen Headbutt@25	Dragon Claw@30	Gyro Ball@32	Bide@42	Roar@43	Crunch@50	Double-Edge@55	Dragon Rush@61
373	SALAMENCE	Steel Wing@1	Thunder Fang@1	Dragon Claw@1	Bite@1	Wing Attack@1	Crush Claw@1	Iron Head@5	Zen Headbutt@10	Crunch@16	Fire Spin@20	DragonBreath@25	Hyper Beam@30	Whirlwind@32	Fire Fang@37	Dragon Pulse@43	Fly@64	Roar@64	Flamethrower@66	Dragon Rush@100
374	BELDUM	Take Down@1
375	METANG	Magnet Bomb@1	ThunderPunch@1	Ice Punch@1	Pursuit@1	Metal Claw@20	Explosion@20	Teleport@24	Double-Edge@28	Iron Head@32	Zen Headbutt@36	Selfdestruct@40	Teleport@44	Psycho Cut@48	Explosion@52	Meteor Mash@56
376	METAGROSS	Bite@1	Thunder Fang@1	Zen Headbutt@1	Magnet Bomb@1	Metal Claw@20	Body Slam@20	Ice Fang@24	Double-Edge@28	Crunch@32	Teleport@36	Psycho Cut@40	Iron Head@44	Selfdestruct@45	Explosion@53	Hammer Arm@64	Meteor Mash@71
377	REGIROCK	Ice Punch@1	ThunderPunch@1	Fire Punch@9	Lock-On@17	Hammer Arm@25	Rock Blast@33	Selfdestruct@41	Drain Punch@49	Stone Edge@57	Explosion@65	Earthquake@73	Superpower@81	Rock Wrecker@89
378	REGICE	Lock-On@1	Focus Blast@1	Earth Power@9	Tri Attack@17	Ice Beam@25	AncientPower@33	Zap Cannon@41	Selfdestruct@49	Blizzard@57	Explosion@65	Thunderbolt@73	Hyper Beam@81
379	REGISTEEL	Ice Punch@1	ThunderPunch@1	Metal Claw@9	Earthquake@17	AncientPower@25	DynamicPunch@33	Iron Head@41	Selfdestruct@41	Hammer Arm@57	Meteor Mash@65	Explosion@73	Stone Edge@73	Superpower@81	Gyro Ball@89
380	LATIAS	Triple Axel@1	Hyper Voice@5	Transform@10	Zen Headbutt@15	DragonBreath@20	Hyper Beam@25	Psycho Shift@30	Whirlwind@35	Dragon Pulse@40	Recover@45	Roar@50	Teleport@55	Memento@60	Outrage@65	Mist Ball@70
381	LATIOS	Triple Axel@1	ExtremeSpeed@5	Aqua Jet@10	Zen Headbutt@15	DragonBreath@20	Hyper Beam@25	Refresh@30	Psycho Shift@35	Pursuit@40	Recover@45	Whirlwind@50	Teleport@55	Memento@60	Outrage@65	Luster Purge@70
382	KYOGRE	Crunch@1	Ice Fang@5	Aqua Tail@15	AncientPower@20	Hyper Beam@30	Thunder@35	Whirlwind@45	Hydro Pump@50	Teleport@60	Roar@65	Ice Beam@75	Water Spout@80
383	GROUDON	Hyper Beam@1	Dragon Rush@5	AncientPower@15	Magma Storm@20	Crunch@30	Earthquake@35	Head Smash@45	Flare Blitz@50	Teleport@60	Roar@65	Earth Power@75	Eruption@80
384	RAYQUAZA	Dragon Pulse@1	Sky Attack@5	AncientPower@15	Dragon Claw@20	Flare Blitz@30	Crunch@35	Hyper Beam@45	Draco Meteor@50	Whirlwind@60	Roar@65	ExtremeSpeed@75	Outrage@80
385	JIRACHI	Wish@1	Ice Punch@1	Fire Punch@5	Swift@10	ThunderPunch@15	Psychic@20	Refresh@25	Iron Head@30	Zen Headbutt@35	Double-Edge@40	Meteor Mash@45	ThunderPunch@50	Future Sight@55	Teleport@60	Last Resort@65	Doom Desire@70
386	DEOXYS	Shadow Ball@1	Wrap@1	Night Shade@9	Teleport@17	Fire Punch@25	Pursuit@33	Psycho Cut@41	ExtremeSpeed@49	Psycho Shift@57	Zen Headbutt@65	Superpower@73	Recover@81	Psycho Boost@89	Hyper Beam@97
387	TURTWIG	Tackle@1	Mega Drain@6	Bite@9	Rock Throw@13	Razor Leaf@15	Secret Power@17	Dig@25	Rock Slide@29	Crunch@33	Leaf Blade@37	Sand Tomb@41	Stone Edge@45	Synthesis@54
388	GROTLE	Seed Bomb@1	Headbutt@1	Mega Drain@6	Bite@9	Rock Throw@13	Stomp@16	Secret Power@17	Magical Leaf@22	Mud Shot@27	Rock Slide@32	Crunch@37	Leaf Blade@42	Sand Tomb@47	Stone Edge@52	Synthesis@70
389	TORTERRA	Leaf Storm@1	Tackle@1	Magical Leaf@1	Body Slam@1	Razor Leaf@1	Bite@5	Magical Leaf@9	Mud Shot@13	Rock Throw@17	Iron Head@22	Leaf Blade@27	Earthquake@32	Rock Slide@36	Crunch@39	Wood Hammer@45	Earthquake@51	Stone Edge@57	Double-Edge@60
390	CHIMCHAR	Scratch@1	Ember@6	Karate Chop@9	Helping Hand@12	Secret Power@15	Flame Wheel@17	Double Kick@23	Aerial Ace@25	Facade@31	Fire Spin@33	Submission@39	ThunderPunch@41
391	MONFERNO	Shadow Claw@1	Fire Spin@1	Karate Chop@1	Submission@7	Ember@9	Double Kick@14	Secret Power@16	Flame Wheel@19	Feint@26	Brick Break@29	Fire Punch@36	Facade@39	ThunderPunch@46	Flare Blitz@49	Ice Punch@66	Fake Out@84	Mach Punch@99
392	INFERNAPE	Blaze Kick@1	ThunderPunch@1	Fire Spin@1	Low Kick@1	Fire Punch@7	Brick Break@9	Seismic Toss@14	Punishment@17	Flame Wheel@21	Feint@29	Cross Chop@33	Shadow Claw@39	Roar@41	Close Combat@78	Flare Blitz@82
393	PIPLUP	Pound@1	Peck@6	Bubble@8	DoubleSlap@11	Metal Claw@13	Aurora Beam@16	Aqua Cutter@19	Helping Hand@22	Mist@25	Whirlpool@29	Roar@32	Hydro Pump@38	Weather Ball@40	Aqua Tail@43	Aqua Jet@49
394	PRINPLUP	Yawn@1	Dive@1	Peck@4	Bubble@8	Aurora Beam@13	BubbleBeam@14	Aqua Cutter@16	Aerial Ace@21	Natural Gift@24	Double Hit@26	Drill Peck@28	Mist@30	Knock Off@37	Haze@42	Avalanche@44	Aqua Tail@47	Weather Ball@51	Aqua Jet@55
395	EMPOLEON	Beat Up@1	Brick Break@1	Aqua Cutter@1	Night Slash@11	Double Hit@15	Hydro Pump@16	Yawn@19	Natural Gift@24	Rock Slide@28	X-Scissor@33	Steel Wing@39	Icicle Spear@40	Flash Cannon@44	Knock Off@46	Ice Beam@49	Metal Burst@55	Earthquake@64	Avalanche@70	Aqua Jet@73	Waterfall@75
396	STARLY	Tackle@1	Sand-Attack@1	Peck@5	Swift@9	Gust@13	Headbutt@17	Wing Attack@21	Whirlwind@25	Steel Wing@29	Double-Edge@45	Brave Bird@50
397	STARAVIA	Tackle@1	Sand-Attack@1	Peck@1	Peck@5	Swift@9	Bite@13	Headbutt@18	Wing Attack@23	Whirlwind@25	Steel Wing@36	Double-Edge@55	Brave Bird@60
398	STARAPTOR	Tackle@1	Secret Power@1	Pluck@1	Air Slash@1	Pursuit@5	Endeavor@9	Roar@13	Headbutt@18	Steel Wing@38	Blaze Kick@40	Knock Off@50	Double-Edge@55	Close Combat@65	Brave Bird@70
399	BIDOOF	Quick Attack@1	Bite@5	Water Gun@9	Headbutt@13	BubbleBeam@17	Hyper Fang@21	Dive@25	Yawn@29	Crunch@33	Super Fang@37	Superpower@41	Aqua Tail@45
400	BIBAREL	Tackle@1	Mud Bomb@1	Mud Bomb@5	Bite@9	Ice Fang@13	Mud Shot@15	BubbleBeam@18	Hyper Fang@23	Dive@28	Yawn@33	Aqua Jet@38	Super Fang@40	Superpower@43	Aqua Tail@47
401	KRICKETOT	Growl@1	Bug Bite@1	Rollout@16
402	KRICKETUNE	Growl@1	Bug Buzz@1	False Swipe@10	Slash@14	GrassWhistle@18	Leech Life@22	Karate Chop@24	Bug Buzz@30	Sing@34	Fury Cutter@38	Night Slash@42	Brick Break@46	Swords Dance@57
403	SHINX	Swift@1	ThunderShock@5	Flash@9	Bite@13	Discharge@17	Roar@21	Ice Fang@30	Fire Fang@30	Crunch@36	Thunder Fang@37	Wild Charge@41	Fake Out@43
404	LUXIO	Slash@1	Flash@1	Ice Fang@5	Thunder Wave@9	Shock Wave@16	Roar@18	Metal Claw@23	Double Kick@28	Fire Fang@33	Night Slash@38	Roar@43	Wild Charge@49	Fake Out@51
405	LUXRAY	Mean Look@1	Bite@1	Fake Out@1	Feint@5	Discharge@9	Fire Fang@13	Headbutt@18	Teleport@23	Thunderbolt@28	Faint Attack@30	Roar@42	Iron Tail@49	Lock-On@51	Thunder Fang@56	Wild Charge@66	Pursuit@71
406	BUDEW	Vine Whip@1	Poison Sting@4	PoisonPowder@7	Stun Spore@10	Razor Leaf@13	Acid@16
407	ROSERADE	Power Whip@1	Sweet Scent@1	Poison Jab@1	Bullet Seed@1	Stun Spore@4
408	CRANIDOS	Headbutt@1	Pursuit@1	Take Down@6	Rock Throw@10	Roar@15	Headbutt@19	Rock Slide@24	Assurance@28	Dig@33	Zen Headbutt@37	Roar@43	Iron Head@70	Head Smash@99
409	RAMPARDOS	Headbutt@1	Pursuit@1	Double-Edge@6	Iron Head@10	Endeavor@15	Crunch@19	Zen Headbutt@24	Iron Tail@28	Roar@30	Revenge@36	Pursuit@43	Roar@52	Stone Edge@100
410	SHIELDON	Tackle@1	Flash Cannon@1	Rock Throw@6	Headbutt@10	Dig@15	Zen Headbutt@29	Stone Edge@34	Earthquake@38	Iron Head@45	Head Smash@75	Metal Burst@99
411	BASTIODON	Headbutt@1	Dig@1	Rock Throw@1	Zen Headbutt@1	Body Slam@6	Rock Slide@10	Iron Tail@15	Stomp@19	Double-Edge@24	Stone Edge@28	Iron Head@53	Earthquake@56	Head Smash@99	Metal Burst@100
412	BURMY	Leech Life@1	Nature Power@10	Camouflage@15	Hidden Power@20
413	WORMADAM	Leech Life@16	Protect@16	Camouflage@16	Powder Snow@20	Bug Bite@23	Razor Leaf@26	Captivate@28	Iron Head@29	Sand Tomb@32	Signal Beam@35	Leaf Storm@38	Flash Cannon@41	Blizzard@44	Earth Power@47
414	MOTHIM	Leech Life@1	U-turn@16	Camouflage@16	Psybeam@20	Bug Bite@23	Stun Spore@26	Aerial Ace@29	Giga Drain@32	Silver Wind@35	Sleep Powder@38	Air Slash@41	Psychic@44	Bug Buzz@47
415	COMBEE	Bug Bite@1	Gust@1	Sweet Scent@13
416	VESPIQUEN	Sweet Scent@1	Bug Bite@1	Poison Sting@3	Rage@7	Power Gem@9	Twineedle@13	Pursuit@15	Air Cutter@19	Whirlwind@21	Poison Jab@25	Bug Buzz@37	Air Slash@39	Roar@40	Attack Order@47	Hurricane@80	Heal Order@99
417	PACHIRISU	Discharge@1	Pound@1	Bite@5	Hyper Fang@9	Shock Wave@13	Fire Fang@17	Rollout@20	Crunch@21	Ice Fang@25	Follow Me@27	Thunder Fang@35	Super Fang@45	Charm@50	Thunder@55
418	BUIZEL	Water Gun@1	Tackle@5	BubbleBeam@16	Bite@23	Water Pulse@30	Headbutt@36	Dive@41	Crunch@44	Ice Fang@48	Vital Throw@55	Aqua Tail@75
419	FLOATZEL	Snore@1	SonicBoom@1	Hydro Pump@1	Powder Snow@1	Swift@1	BubbleBeam@23	Bite@26	Ice Punch@30	Headbutt@35	Dive@41	Crunch@56	Ice Fang@69	Vital Throw@79	Aqua Tail@90
420	CHERUBI	Mega Drain@1	Headbutt@7	Morning Sun@10	Lucky Chant@13	Magical Leaf@19	Nature Power@22	Worry Seed@28	Flame Wheel@31	Seed Bomb@37	Helping Hand@40
421	CHERRIM	Body Slam@1	Lucky Chant@1	Rock Slide@7	Nature Power@10	Helping Hand@13	Magical Leaf@19	Stun Spore@22	Razor Leaf@25	Morning Sun@30	Blaze Kick@35	Leaf Blade@43	Petal Dance@56	Flare Blitz@60
422	SHELLOS	Mud-Slap@1	Water Gun@2	Tackle@4	Swift@7	Mud Bomb@11	Water Pulse@16	Hidden Power@22	Body Slam@29	Muddy Water@37	Earth Power@46
423	GASTRODON	Earth Power@1	Dive@1	Secret Power@1	Brine@1	Sludge Bomb@2	Mud-Slap@4	Water Pulse@7	Mud Bomb@11	Hidden Power@16	Rock Slide@22	Body Slam@29	Muddy Water@47	Earthquake@54
424	AMBIPOM	Last Resort@1	Astonish@1	Dig@1	Scratch@1	Sand-Attack@4	Astonish@8	Metal Claw@11	Swift@15	Faint Attack@18	Water Pulse@22	Karate Chop@25	Slash@29	Bite@34	Aerial Ace@56	Force Palm@69	Double Hit@83
425	DRIFLOON	Wrap@1	Gust@1	Astonish@6	Teleport@11	Whirlwind@14	Payback@17	Selfdestruct@22	Air Cutter@27	Shadow Ball@27	Explosion@30	Air Slash@33	Focus Blast@38	Ominous Wind@43
426	DRIFBLIM	Water Ball@1	Wrap@1	Astonish@1	Gust@1	Astonish@6	Teleport@11	Whirlwind@14	Payback@17	Selfdestruct@22	Air Slash@27	Shadow Ball@27	Explosion@32	Air Slash@37	Focus Blast@44	Ominous Wind@51
427	BUNEARY	Astonish@1	Pound@1	Rolling Kick@1	Foresight@1	Bite@6	Swift@13	DoubleSlap@16	Double Kick@23	Crunch@36	Blaze Kick@43	Dizzy Punch@46	Bounce@53	Hi Jump Kick@56	Mega Kick@65
428	LOPUNNY	Mirror Coat@1	Magic Coat@1	Rolling Kick@1	Bite@1	Body Slam@1	Foresight@1	Low Kick@6	Slash@13	Dig@16	Jump Kick@20	Crunch@36	Blaze Kick@43	Dizzy Punch@46	Bounce@53	Hi Jump Kick@60	Mega Kick@73
429	MISMAGIUS	Shadow Ball@1	Magical Leaf@1	Teleport@1	Lucky Chant@1	Night Shade@90	Shadow Sneak@100
430	HONCHKROW	Night Shade@1	Assurance@1	Chatter@1	Pursuit@1	Whirlwind@25	Brave Bird@35	Superpower@45	Punishment@55
431	GLAMEOW	Copycat@1	Charm@4	Scratch@5	Faint Attack@8	Aerial Ace@13	Metal Claw@17	Slash@20	Night Slash@25	Assist@29	Hypnosis@32	Fake Out@37	Sucker Punch@41	Fury Swipes@45
432	PURUGLY	Copycat@1	Fury Swipes@1	Bite@1	Scratch@5	Faint Attack@8	Aerial Ace@13	Metal Claw@17	Slash@20	Night Slash@25	Assist@29	Hypnosis@37	Fake Out@42	Shadow Claw@45	Body Slam@47	Sucker Punch@53
433	CHINGLING	Confusion@1	Wrap@6	Uproar@9	Heal Bell@14	Psybeam@17	Recover@22
434	STUNKY	Scratch@1	Smog@1	Pursuit@4	Toxic@7	Selfdestruct@10	SmokeScreen@14	Metal Claw@18	Sludge@22	Explosion@27	Night Slash@32	Sludge Bomb@38	Gunk Shot@44
435	SKUNTANK	Scratch@1	Slash@1	Smog@1	Pursuit@4	Toxic@7	Metal Claw@10	Selfdestruct@14	SmokeScreen@18	Sludge Bomb@22	Sludge@27	Explosion@32	Night Slash@34	Flamethrower@42	Gunk Shot@62
436	BRONZOR	Confuse Ray@1	Hypnosis@1	Selfdestruct@5	Extrasensory@12	Teleport@14	Iron Head@19	Explosion@26	Zen Headbutt@30	Payback@35	Mirror Shot@37	Selfdestruct@41	Psychic@49	Gyro Ball@52
437	BRONZONG	Future Sight@1	Extrasensory@1	Psybeam@1	Flash Cannon@1	Extrasensory@1	Future Sight@1	Teleport@7	Payback@12	Iron Head@14	Zen Headbutt@19	Selfdestruct@26	Mirror Shot@30	Psychic@33	Confuse Ray@38	Explosion@43	Gyro Ball@50	Earthquake@61	Hypnosis@67
438	BONSLY	Rock Throw@1	Copycat@1	Mimic@6	Low Kick@9	Rock Throw@14	Selfdestruct@17	Block@22	Faint Attack@25	Rock Slide@30	Explosion@33	Wood Hammer@38	Sucker Punch@41	Fake Tears@56
439	MIME JR.	Safeguard@1	DoubleSlap@1	Confusion@1	Copycat@4	Magical Leaf@11	Zen Headbutt@15	Mimic@18	Barrier@22	Teleport@22	Seismic Toss@25	Psybeam@29	Light Screen@32	Reflect@36	Teleport@39	Role Play@43	Signal Beam@46	Psychic@50
440	HAPPINY	Pound@1	Seismic Toss@1	Copycat@5	Refresh@9	Sweet Kiss@12
441	CHATOT	Uproar@1	Air Cutter@5	Mirror Move@9	Sing@13	Roar@17	Chatter@21	Copycat@25	Mimic@29	Mud-Slap@33	Heat Wave@37	Air Slash@41	Hyper Voice@45	Mirror Move@65
442	SPIRITOMB	Pain Split@1	Pursuit@1	Confuse Ray@1	Revenge@1	Payback@1	Hypnosis@13	Silver Wind@19	Curse@20	Ominous Wind@25	Teleport@31	Dark Pulse@37	Aura Sphere@43	Earth Power@49
443	GIBLE	Take Down@1	Bite@3	Dragon Rage@7	Crunch@13	Sand Tomb@15	Dragon Claw@19	Roar@25	Fire Fang@27	Earthquake@31	Dragon Rush@77
444	GABITE	Dragon Pulse@1	Supersonic@1	Hyper Voice@3	Dragon Rage@7	Crunch@13	Sand Tomb@15	Dragon Claw@19	Roar@28	Fire Fang@33	Earthquake@40	Dragon Rush@88
445	GARCHOMP	Pursuit@1	Block@1	Air Slash@1	Twister@1	Air Cutter@1	Fire Fang@3	Fly@7	Crunch@13	Sand Tomb@15	Dragon Claw@19	Sky Attack@28	Whirlwind@33	Roar@40	Earthquake@48	Dragon Rush@55
446	MUNCHLAX	Lick@1	Whirlwind@1	Tackle@1	Metronome@4	Headbutt@9	Bite@12	Whirlwind@17	Submission@20	Take Down@25	Selfdestruct@28	Body Slam@33	Whirlwind@36	Crunch@41	Double-Edge@44	Swallow@100
447	RIOLU	Metal Claw@1	Force Palm@1	Bite@1	ThunderPunch@6	Iron Head@11	Aura Sphere@15	Copycat@19	Extrasensory@24	Ice Punch@29
448	LUCARIO	ExtremeSpeed@1	Extrasensory@1	Dragon Pulse@1	Iron Head@1	Metal Claw@1	Crunch@6	Force Palm@11	Feint@15	Bone Rush@19	Dark Pulse@24	Flash Cannon@29	Aura Sphere@33	Bonemerang@37	Roar@42	Meteor Mash@47	Close Combat@75
449	HIPPOPOTAS	Double-Edge@1	Whirlwind@1	Bite@7	Yawn@13	Ice Fang@19	Sand Tomb@25	Crunch@31	Roar@37	Stone Edge@44	Earthquake@50
450	HIPPOWDON	Ice Fang@1	Fire Fang@1	Thunder Fang@1	Body Slam@1	Sand-Attack@1	Whirlwind@1	Pursuit@1	Bite@7	Yawn@13	Double-Edge@19	Sand Tomb@25	Crunch@31	Roar@40	Stone Edge@50	Earthquake@60
451	SKORUPI	Bite@1	Poison Sting@1	Leech Life@1	Pin Missile@6	Poison Jab@12	Slash@17	Twineedle@23	Cross Poison@28	Night Slash@34	X-Scissor@39	Aqua Tail@45	Poison Tail@65
452	DRAPION	Thunder Fang@1	Ice Fang@1	Fire Fang@1	Bite@1	Poison Fang@1	Crush Claw@1	Bug Bite@1	Night Slash@6	Poison Jab@12	X-Scissor@17	Punishment@23	Cross Poison@28	Cross Chop@34	Crunch@39	ViceGrip@49	Poison Tail@78
453	CROAGUNK	Karate Chop@1	Poison Sting@3	Mud Bomb@8	Faint Attack@10	Flatter@15	Sludge Bomb@17	Rolling Kick@22	Payback@24	Poison Jab@29	Earth Power@31	Revenge@36	Pursuit@38	Gunk Shot@69	Vacuum Wave@77
454	TOXICROAK	Assurance@1	Cross Poison@1	Flatter@1	Mud-Slap@3	Mud Bomb@8	Faint Attack@10	Twineedle@15	Sludge Bomb@17	Rolling Kick@22	Payback@24	Poison Jab@29	Earth Power@31	Revenge@45	Pursuit@51	Gunk Shot@70	Vacuum Wave@88
455	CARNIVINE	Vine Whip@1	Leech Life@1	Bite@7	Sweet Scent@11	Razor Leaf@17	Faint Attack@21	Fire Fang@27	Wring Out@31	Giga Drain@31	Swallow@31	Crunch@37	Sleep Powder@41	Power Whip@47
456	FINNEON	Water Gun@1	Pound@6	Gust@10	Water Pulse@13	Pursuit@17	Flash@22	Signal Beam@26	U-turn@28	Dive@29	Bounce@33	Icy Wind@35	Ice Fang@38	Double-Edge@42	Whirlpool@45	Crunch@49
457	LUMINEON	Confuse Ray@1	Camouflage@1	Silver Wind@1	Brine@6	Pursuit@10	Flash@13	Bug Bite@17	Whirlpool@22	Signal Beam@26	Air Slash@28	Dive@29	U-turn@34	Ice Fang@35	Bounce@42	Silver Wind@45	Double-Edge@48	Fury Cutter@50	Aqua Tail@53	Ominous Wind@55
458	MANTYKE	Wing Attack@1	Bubble@1	Supersonic@4	Water Pulse@10	Aurora Beam@13	BubbleBeam@19	Twister@22	Ice Beam@28	Roost@31	Whirlpool@37	Helping Hand@40	Air Slash@46	Hydro Pump@49	Hurricane@51	Scald@55
459	SNOVER	Powder Snow@1	Razor Leaf@1	Ice Punch@5	Seed Bomb@9	Ice Beam@13	GrassWhistle@17	Focus Blast@21	Blizzard@26	Leaf Storm@31	Stone Edge@36	Avalanche@41	Wood Hammer@46
460	ABOMASNOW	Ice Punch@1	Hammer Arm@1	Energy Ball@1	Focus Blast@1	Stone Edge@1	Seed Bomb@5	Ice Beam@9	GrassWhistle@13	Whirlwind@17	Blizzard@21	Leaf Storm@26	Roar@31	Earthquake@36	Avalanche@47	Wood Hammer@58
461	WEAVILE	Beat Up@1	Revenge@1	Slash@1	Dark Pulse@1	Aurora Beam@1	Crush Claw@1	X-Scissor@1	Poison Jab@8	Assist@10	Metal Claw@14	Double-Edge@21	Ice Beam@24	Night Slash@28	Aerial Ace@35	Submission@38	Ice Punch@42	Punishment@59
462	MAGNEZONE	Mirror Coat@1	Tri Attack@1	Iron Head@1	Tackle@1	ThunderShock@1	Gyro Ball@1	ThunderShock@6	Supersonic@11	SonicBoom@14	Signal Beam@17	Shock Wave@22	Teleport@27	Selfdestruct@30	Magnet Bomb@34	Discharge@40	Explosion@46	Teleport@50	Flash Cannon@54	Thunderbolt@60
463	LICKILICKY	Lick@1	Swallow@5	Stomp@9	Acid@13	Wrap@17	Double-Edge@21	Disable@25	Lick@29	Aqua Tail@33	Me First@37	Sludge Bomb@41	Slam@45	Power Whip@49	Zen Headbutt@51	Wring Out@53	Gastro Acid@57	Toxic@60	Lick@63
464	RHYPERIOR	Fire Punch@1	Crush Claw@1	Roar@1	Rock Slide@1	Crunch@1	Aqua Tail@9	Submission@13	Rock Blast@21	Drill Run@25	Poison Jab@33	Hammer Arm@47	Stone Edge@49	Double-Edge@55	Megahorn@69	Earthquake@77	Rock Wrecker@100
465	TANGROWTH	Sleep Powder@1	Wrap@1	Mega Drain@5	Sludge Bomb@8	Rock Slide@12	Slam@15	Vine Whip@19	Aerial Ace@22	AncientPower@26	Swallow@29	Power Whip@33	Poison Jab@36	Brick Break@40	Rock Slide@43	Energy Ball@47	Wring Out@50	Stun Spore@54	Endeavor@57
466	ELECTIVIRE	Flamethrower@1	Discharge@1	Psychic@1	ThunderShock@1	Hammer Arm@1	Thunderbolt@7	Low Kick@10	Swift@16	Shock Wave@19	Seismic Toss@25	ThunderPunch@28	Cross Chop@37	Fire Punch@43	Ice Punch@52	Wild Charge@65	Earthquake@69
467	MAGMORTAR	Flare Blitz@1	Smog@1	Rock Slide@1	Heat Wave@1	SmokeScreen@1	Blast Burn@5	Faint Attack@7	ThunderPunch@10	Lava Plume@16	Cross Chop@19	Confuse Ray@25	Psychic@28	Thunderbolt@43	Focus Blast@52	Double-Edge@68	Fire Blast@77	Milk Drink@100
468	TOGEKISS	Teleport@1	Whirlwind@1	Aura Sphere@1	Air Slash@1
469	YANMEGA	Night Slash@1	Bug Bite@1	Aerial Ace@1	Air Slash@1	Uproar@1	Whirlwind@1	Leech Life@6	Pursuit@11	Swift@14	SonicBoom@17	Supersonic@22	Whirlwind@27	Silver Wind@30	Ominous Wind@33	Air Cutter@38	Signal Beam@43	Whirlwind@46	AncientPower@49	Air Slash@54	Bug Buzz@57
470	LEAFEON	Iron Tail@1	Magical Leaf@1	Bite@1	Aerial Ace@8	Leaf Blade@21	Sweet Scent@22	X-Scissor@29	Double Kick@36	Razor Leaf@43	Refresh@50	GrassWhistle@57	Double-Edge@64	Leaf Blade@71	Aromatherapy@78
471	GLACEON	Trump Card@1	Ice Fang@1	Barrier@21	Tickle@22	Nature Power@25	Aurora Beam@28	Signal Beam@29	Water Pulse@36	Earth Power@43	Ice Beam@50	Focus Blast@57	Shadow Ball@64	Mirror Coat@71	Blizzard@78	Hyper Beam@87	Mist@90	Ice Shard@92	Wish@97	Gravity@100	Trump Card@100
472	GLISCOR	Thunder Fang@1	Ice Fang@1	Fire Fang@1	Poison Jab@1	Sand-Attack@5	Sand Tomb@10	Night Slash@15	Faint Attack@20	Poison Tail@23	Cross Poison@25	Brick Break@28	X-Scissor@30	Rock Slide@33	Wing Attack@37	Steel Wing@41	Aqua Tail@44	Stone Edge@48	Aerial Ace@52	Earthquake@55
473	MAMOSWINE	AncientPower@1	Body Slam@1	Odor Sleuth@1	Mud-Slap@1	Powder Snow@1	Bite@4	Double-Edge@8	Earth Power@13	Rock Slide@16	Ice Beam@20	Dig@25	Stone Edge@28	Double Hit@32	Ice Fang@33	Earthquake@40	Crunch@48	Superpower@56	Icicle Spear@65
474	PORYGON-Z	Recycle@1	Conversion 2@1	Teleport@1	Powder Snow@1	Swift@1	Psybeam@7	Hidden Power@12	Thrash@18	Teleport@23	Recover@29	Signal Beam@34	Discharge@40	Double-Edge@45	Teleport@51	Ice Beam@56	Dark Pulse@62	Tri Attack@70
475	GALLADE	Poison Jab@1	Brick Break@1	X-Scissor@1	Psychic@1	Fire Punch@1	Ice Punch@1	ThunderPunch@6	Slash@10	Fury Cutter@12	Aqua Cutter@13	Leaf Blade@22	Zen Headbutt@25	Night Slash@31	Cross Chop@36	Teleport@37	Psycho Cut@45	Stone Edge@50	Close Combat@53
476	PROBOPASS	Head Smash@1	Tri Attack@1	Body Slam@1	Iron Head@1	Stone Edge@1	Hyper Beam@1	Earth Power@7	Seismic Toss@13	Rock Slide@19	Flash Cannon@25	Discharge@31	Selfdestruct@37	Power Gem@42	Magnet Bomb@49	Thunder Wave@55	Explosion@61	AncientPower@67	Mirror Shot@73	Metal Burst@79
477	DUSKNOIR	Fire Punch@1	Ice Punch@1	ThunderPunch@1	Spacial Rend@1	Swallow@1	Astonish@1	Night Shade@1	Mystical Fire@1	Seismic Toss@6	Aura Sphere@9	Shadow Ball@14	Teleport@17	Double-Edge@22	Payback@25	Submission@30	Stone Edge@33	Teleport@37	Shadow Punch@43	Hammer Arm@51	Earthquake@61
478	FROSLASS	Swift@1	Powder Snow@1	Sweet Kiss@1	Water Pulse@1	Night Shade@4	Secret Power@10	Nature Power@13	Disable@17	Teleport@19	Hyper Voice@22	Ice Fang@28	Shadow Ball@31	Roar@37	Aura Sphere@70	Ice Beam@77	Ominous Wind@85
479	ROTOM	ThunderShock@1	Uproar@1	Thunder Wave@1	Teleport@1	Shock Wave@1	Night Shade@8	Confuse Ray@15	Shadow Ball@22	Dark Pulse@29	Signal Beam@36	Focus Blast@43	Discharge@50
480	UXIE	Recover@1	Aura Sphere@1	Signal Beam@6	Extrasensory@16	Teleport@21	Yawn@31	Future Sight@36	Thunder Wave@46	Psychic@51	Teleport@61	Natural Gift@66	Memento@76
481	MESPRIT	Recover@1	Aura Sphere@1	Signal Beam@6	Extrasensory@16	Teleport@21	Lucky Chant@31	Future Sight@36	Copycat@46	Psychic@51	Teleport@61	Natural Gift@66	Focus Blast@76
482	AZELF	Recover@1	Aura Sphere@1	Signal Beam@6	Extrasensory@16	Selfdestruct@21	Hyper Voice@31	Future Sight@36	Last Resort@46	Psychic@51	Teleport@61	Natural Gift@66	Explosion@76
483	DIALGA	Earth Power@1	Aura Sphere@1	Metal Claw@10	AncientPower@20	Dragon Claw@30	Roar of Time@40	DragonBreath@50	Outrage@60	Roar@70	Flash Cannon@80	Focus Blast@90
484	PALKIA	Earth Power@1	Aura Sphere@1	Aqua Tail@10	AncientPower@20	Hydro Pump@30	Spacial Rend@40	DragonBreath@50	Outrage@60	Whirlwind@70	Whirlpool@80	Focus Blast@90
485	HEATRAN	AncientPower@1	Swallow@5	Magma Storm@9	Fire Fang@17	Flash Cannon@25	Crunch@33	Earth Power@41	Lava Plume@49	Fire Spin@57	Iron Head@65	Explosion@73	Heat Wave@81	Stone Edge@88	Dragon Pulse@96
486	REGIGIGAS	Fire Punch@1	Ice Punch@1	ThunderPunch@1	Dizzy Punch@1	Knock Off@1	Confuse Ray@1	Earthquake@1	Revenge@25	Zen Headbutt@50	Crush Grip@75	Explosion@100
487	GIRATINA	DragonBreath@1	Aura Sphere@1	Ominous Wind@10	AncientPower@20	Dragon Claw@30	Shadow Force@40	Roar of Time@50	Shadow Force@60	Earthquake@70	Shadow Claw@80	Spacial Rend@90
488	CRESSELIA	Lunar Dance@1	Aura Sphere@1	Moonlight@11	Night Shade@20	Teleport@29	Triple Axel@38	Psycho Shift@47	Psycho Cut@57	Whirlwind@66	Hyper Beam@75	Signal Beam@84	Psychic@93
489	PHIONE	Focus Blast@1	Aqua Tail@1	Whirlwind@9	Supersonic@16	Energy Ball@24	Whirlpool@31	Teleport@39	Earth Power@46	Ice Beam@54	Hydro Pump@61	Aura Sphere@69
490	MANAPHY	Aqua Tail@1	Focus Blast@1	Confuse Ray@1	Signal Beam@9	Whirlpool@16	Whirlwind@24	Teleport@31	Energy Ball@39	Ice Beam@46	Hydro Pump@54	Earth Power@61	Aura Sphere@69	Heart Swap@76
491	DARKRAI	Aura Sphere@1	Ominous Wind@1	Mean Look@5	Dark Pulse@11	Hypnosis@20	Faint Attack@29	Glare@35	Shadow Force@38	Dream Eater@47	Extrasensory@57	Dark Void@66	Teleport@75	Aura Sphere@84	Dark Pulse@93
492	SHAYMIN	Earth Power@1	Magical Leaf@10	Air Slash@19	Synthesis@28	Sweet Scent@37	Aura Sphere@46	Worry Seed@55	Nature Power@64	Seed Flare@73	Sweet Kiss@82	Whirlwind@91	Aromatherapy@100
493	ARCEUS	Seismic Toss@1	Hyper Beam@1	Roar of Time@1	Punishment@1	Seed Flare@10	Earth Power@20	Hyper Voice@30	Explosion@40	Magma Storm@50	Recover@60	Earthquake@70	ExtremeSpeed@80	Shadow Force@90	Judgment@100
494	Egg	HP Water@1
495	Bad Egg	HP Water@1
496	Deoxys (A)	Leer@1	Wrap@1	Night Shade@9	Teleport@17	Pursuit@25	Pursuit@33	Psychic@41	Superpower@49	Psycho Shift@57	Zen Headbutt@65	Cosmic Power@73	Zap Cannon@81	Psycho Boost@89	Hyper Beam@97
497	Deoxys (D)	Leer@1	Wrap@1	Night Shade@9	Teleport@17	Knock Off@25	Spikes@33	Psychic@41	Protect@49	Psycho Shift@57	Zen Headbutt@65	Iron Defense@73	Amnesia@73	Recover@81	Psycho Boost@89	Counter@97	Mirror Coat@97
498	Deoxys (S)	Leer@1	Wrap@1	Night Shade@9	Double Team@17	Knock Off@25	Pursuit@33	Psychic@41	Swift@49	Psycho Shift@57	Zen Headbutt@65	Agility@73	Recover@81	Psycho Boost@89	ExtremeSpeed@97
499	Wormadam (S)	Tackle@1	Protect@10	Bug Bite@15	Hidden Power@20	Protect@23	Rock Blast@26	Harden@29	Psybeam@32	Captivate@35	Flail@38	Attract@41	Psychic@44	Head Smash@47
500	Wormadam (T)	Tackle@1	Protect@10	Bug Bite@15	Hidden Power@20	Protect@23	Mirror Shot@26	Metal Sound@29	Psybeam@32	Captivate@35	Flail@38	Attract@41	Psychic@44	Iron Head@47
501	Giratina (O)	DragonBreath@1	Scary Face@1	Ominous Wind@10	AncientPower@20	Dragon Claw@30	Shadow Force@40	Shadow Ball@50	Earth Power@60	Slash@70	Shadow Claw@80	Aura Sphere@90
502	Shaymin (S)	Growth@1	Magical Leaf@10	Leech Seed@19	Quick Attack@28	Sweet Scent@37	Natural Gift@46	Worry Seed@55	Air Slash@64	Energy Ball@73	Sweet Kiss@82	Leaf Storm@91	Seed Flare@100
503	Rotom (Heat)	Psybeam@1	Astonish@1	Thunder Wave@1	ThunderShock@1	Confuse Ray@1	Uproar@8	Shock Wave@22	Ominous Wind@29	Charge@43	Discharge@50	Will-O-Wisp@55	Flamethrower@60
504	Rotom (Wash)	Psybeam@1	Astonish@1	Thunder Wave@1	ThunderShock@1	Confuse Ray@1	Uproar@8	Shock Wave@22	Ominous Wind@29	Charge@43	Discharge@50	Whirlpool@55	Scald@60
505	Rotom (Frost)	Psybeam@1	Astonish@1	Thunder Wave@1	ThunderShock@1	Confuse Ray@1	Uproar@8	Shock Wave@22	Ominous Wind@29	Charge@43	Discharge@50	Ice Shard@55	Ice Beam@60
506	Rotom (Fan)	Psybeam@1	Astonish@1	Thunder Wave@1	ThunderShock@1	Confuse Ray@1	Uproar@8	Shock Wave@22	Ominous Wind@29	Charge@43	Discharge@50	Hurricane@55	Defog@60
507	Rotom (Mow)	Psybeam@1	Astonish@1	Thunder Wave@1	ThunderShock@1	Confuse Ray@1	Uproar@8	Shock Wave@22	Ominous Wind@29	Charge@43	Discharge@50	Giga Drain@55	Energy Ball@60
