# The reward table, step 6 of docs/oxide/alpha-readiness.md: a draft for Ian (step 7).
# Written by tools/oxide/balance/rewards.py; docs/oxide/reward-table.md explains it.
reward	copies	kind	split	map	place	replaces	trainer_id	badges	note
ITEM_TM51	1	ball	Roark	MAP_HEADER_JUBILIFE_CITY		ITEM_POTION			Roost, strong; a ball that holds ITEM_POTION today
ITEM_TM11	2	ball	Roark	MAP_HEADER_OREBURGH_CITY		ITEM_DIRE_HIT			Spite, utility; a ball that holds ITEM_DIRE_HIT today
ITEM_TM92	2	ball	Roark	MAP_HEADER_OREBURGH_MINE_B1F		ITEM_POKE_BALL			Trick Room, utility; a ball that holds ITEM_POKE_BALL today
ITEM_TM87	1	ball	Roark	MAP_HEADER_TRAINERS_SCHOOL		ITEM_X_ATTACK			Swagger, strong; a ball that holds ITEM_X_ATTACK today
ITEM_TM06	1	gift	Roark	MAP_HEADER_OREBURGH_CITY_GYM		ITEM_TM76			Toxic, strong; a TM place today (ITEM_TM76)
ITEM_TM90	1	gift	Roark	MAP_HEADER_OREBURGH_GATE_1F		ITEM_HM06			Block, strong; a TM place today (ITEM_HM06)
ITEM_TM90	1	gift	Roark	MAP_HEADER_SANDGEM_TOWN		ITEM_TM10			Block, strong; a TM place today (ITEM_TM10)
ITEM_TM48	1	ball	Gardenia	MAP_HEADER_MT_CORONET_1F_NORTH_ROOM_1		ITEM_TM02			Iron Defense, strong; a TM place today (ITEM_TM02)
ITEM_SITRUS_BERRY	1	ball	Gardenia	MAP_HEADER_OREBURGH_GATE_B1F		ITEM_TM70			a TM place the spread leaves to another item
ITEM_TM39	2	ball	Gardenia	MAP_HEADER_RAVAGED_PATH		ITEM_TM39			Rock Tomb, utility; its own place today
ITEM_TM09	2	ball	Gardenia	MAP_HEADER_ROUTE_204_NORTH		ITEM_TM09			Bullet Seed, utility; its own place today
ITEM_SITRUS_BERRY	1	ball	Gardenia	MAP_HEADER_ROUTE_211_WEST		ITEM_TM12			a TM place the spread leaves to another item
ITEM_TM31	2	gift	Gardenia	MAP_HEADER_ETERNA_CITY		ITEM_HM01			Brick Break, utility; a TM place today (ITEM_HM01)
ITEM_TM19	2	gift	Gardenia	MAP_HEADER_ETERNA_CITY_CONDOMINIUMS_2F		ITEM_TM67			Giga Drain, utility; a TM place today (ITEM_TM67)
ITEM_TM42	2	gift	Gardenia	MAP_HEADER_ETERNA_CITY_GYM		ITEM_TM86			Facade, utility; a TM place today (ITEM_TM86)
ITEM_TM47	2	gift	Gardenia	MAP_HEADER_FLOAROMA_TOWN_MIDDLE_HOUSE		ITEM_TM88			Steel Wing, utility; a TM place today (ITEM_TM88)
ITEM_LUM_BERRY	1	gift	Gardenia	MAP_HEADER_ROUTE_204_NORTH		ITEM_TM78			a TM place the spread leaves to another item
ITEM_ABSORB_BULB	1	trainer	Gardenia	MAP_HEADER_ETERNA_FOREST			TRAINER_BUG_CATCHER_PHILLIP		held item; reading 2.3
ITEM_EVIOLITE	1	trainer	Gardenia	MAP_HEADER_ETERNA_FOREST			TRAINER_BUG_CATCHER_DONALD		held item; reading 2.3
ITEM_TM66	1	trainer	Gardenia	MAP_HEADER_ROUTE_205_NORTH			TRAINER_FISHERMAN_ZACHARY		Payback, weak; reading 2.3
ITEM_TM88	1	trainer	Gardenia	MAP_HEADER_ROUTE_205_NORTH			TRAINER_FISHERMAN_JOSEPH		Pluck, weak; reading 2.3
ITEM_TM40	1	trainer	Gardenia	MAP_HEADER_ROUTE_205_SOUTH			TRAINER_PICNICKER_KARINA		Aerial Ace, weak; reading 2.3
ITEM_TM57	1	trainer	Gardenia	MAP_HEADER_ROUTE_205_SOUTH			TRAINER_CAMPER_ZACKARY		Charge Beam, weak; reading 2.3
ITEM_CELL_BATTERY	1	trainer	Gardenia	MAP_HEADER_ROUTE_211_WEST			TRAINER_BIRD_KEEPER_ALEXANDRA		held item; reading 2.3
ITEM_TM62	1	trainer	Gardenia	MAP_HEADER_ROUTE_211_WEST			TRAINER_HIKER_LOUIS		Silver Wind, weak; reading 2.3
ITEM_TM45	2	ball	Fantina	MAP_HEADER_AMITY_SQUARE		ITEM_TM45			Alluring Voice, utility; its own place today
ITEM_TM79	2	ball	Fantina	MAP_HEADER_AMITY_SQUARE		ITEM_TM43			Dark Pulse, utility; a TM place today (ITEM_TM43)
ITEM_TM05	2	ball	Fantina	MAP_HEADER_ETERNA_CITY		ITEM_TM46			Dazzling Gleam, utility; a TM place today (ITEM_TM46)
ITEM_TM83	2	ball	Fantina	MAP_HEADER_ETERNA_FOREST_OUTSIDE		ITEM_TM82			Expanding Force, utility; a TM place today (ITEM_TM82)
ITEM_HM04	2	ball	Fantina	MAP_HEADER_OLD_CHATEAU_BACK_EAST_ROOM		ITEM_TM90			Strength, utility; a TM place today (ITEM_TM90)
ITEM_TM46	2	ball	Fantina	MAP_HEADER_OREBURGH_GATE_B1F		ITEM_TM31			Knock Off, utility; a TM place today (ITEM_TM31)
ITEM_TM12	2	ball	Fantina	MAP_HEADER_ROUTE_206		ITEM_SUPER_REPEL			Taunt, utility; a ball that holds ITEM_SUPER_REPEL today
ITEM_TM94	2	ball	Fantina	MAP_HEADER_ROUTE_206		ITEM_BURN_HEAL			Psybeam, utility; a ball that holds ITEM_BURN_HEAL today
ITEM_TM76	2	ball	Fantina	MAP_HEADER_ROUTE_208		ITEM_GREAT_BALL			Stealth Rock, utility; a ball that holds ITEM_GREAT_BALL today
ITEM_TM17	2	ball	Fantina	MAP_HEADER_TEAM_GALACTIC_ETERNA_BUILDING_2F		ITEM_X_SPEED			StompingTantrum, utility; a ball that holds ITEM_X_SPEED today
ITEM_TM32	2	ball	Fantina	MAP_HEADER_WAYWARD_CAVE_1F		ITEM_TM32			Zen Headbutt, utility; its own place today
ITEM_TM60	2	ball	Fantina	MAP_HEADER_WAYWARD_CAVE_1F		ITEM_TM26			Drain Punch, utility; a TM place today (ITEM_TM26)
ITEM_TM85	2	ball	Fantina	MAP_HEADER_WAYWARD_CAVE_1F		ITEM_ESCAPE_ROPE			Skitter Smack, utility; a ball that holds ITEM_ESCAPE_ROPE today
ITEM_TM91	2	gift	Fantina	MAP_HEADER_HEARTHOME_CITY_GYM_LEADER_ROOM		ITEM_TM65			Flash Cannon, utility; a TM place today (ITEM_TM65)
ITEM_BINDING_BAND	1	trainer	Fantina	MAP_HEADER_ROUTE_206			TRAINER_CYCLIST_KAYLA		held item; reading 2.3
ITEM_TM03	1	trainer	Fantina	MAP_HEADER_ROUTE_206			TRAINER_HIKER_THEODORE		Water Pulse, weak; reading 2.3
ITEM_FAIRY_FEATHER	1	trainer	Fantina	MAP_HEADER_ROUTE_207			TRAINER_CAMPER_ANTHONY		held item; reading 2.3
ITEM_LOADED_DICE	1	trainer	Fantina	MAP_HEADER_ROUTE_207			TRAINER_PICNICKER_LAUREN		held item; reading 2.3
ITEM_AIR_BALLOON	1	trainer	Fantina	MAP_HEADER_ROUTE_208			TRAINER_ARTIST_WILLIAM		held item; reading 2.3
ITEM_ROCKY_HELMET	1	trainer	Fantina	MAP_HEADER_ROUTE_208			TRAINER_BLACK_BELT_KYLE		held item; reading 2.3
ITEM_TM32	2	ball	Maylene	MAP_HEADER_ROUTE_209		ITEM_TM47			Zen Headbutt, utility; a TM place today (ITEM_TM47)
ITEM_TM44	2	ball	Maylene	MAP_HEADER_ROUTE_209_LOST_TOWER_4F		ITEM_TM27			Wild Charge, utility; a TM place today (ITEM_TM27)
ITEM_TM65	2	ball	Maylene	MAP_HEADER_ROUTE_215		ITEM_TM34			Shadow Claw, utility; a TM place today (ITEM_TM34)
ITEM_TM18	2	ball	Maylene	MAP_HEADER_SOLACEON_RUINS_ROOM_7		ITEM_HM05			Scary Face, utility; a TM place today (ITEM_HM05)
ITEM_TM37	2	gift	Maylene	MAP_HEADER_ROUTE_210_SOUTH		ITEM_TM51			Signal Beam, utility; a TM place today (ITEM_TM51)
ITEM_TM46	2	gift	Maylene	MAP_HEADER_ROUTE_210_SOUTH		ITEM_TM42			Knock Off, utility; a TM place today (ITEM_TM42)
ITEM_TM56	2	gift	Maylene	MAP_HEADER_ROUTE_215		ITEM_TM66			Hex, utility; a TM place today (ITEM_TM66)
ITEM_TM20	2	gift	Maylene	MAP_HEADER_VEILSTONE_CITY		ITEM_TM63			Safeguard, utility; a TM place today (ITEM_TM63)
ITEM_LUM_BERRY	1	gift	Maylene	MAP_HEADER_VEILSTONE_CITY_GYM		ITEM_TM60			a TM place the spread leaves to another item
ITEM_NONE	0	prize	Maylene	MAP_HEADER_VEILSTONE_CITY_PRIZE_EXCHANGE	GameCornerPrizes	ITEM_SILK_SCARF		3	Silk Scarf moves to an optional fight; its prize slot is dropped
ITEM_NONE	0	prize	Maylene	MAP_HEADER_VEILSTONE_CITY_PRIZE_EXCHANGE	GameCornerPrizes	ITEM_WIDE_LENS		3	Wide Lens moves to an optional fight; its prize slot is dropped
ITEM_NONE	0	prize	Maylene	MAP_HEADER_VEILSTONE_CITY_PRIZE_EXCHANGE	GameCornerPrizes	ITEM_ZOOM_LENS		3	Zoom Lens moves to an optional fight; its prize slot is dropped
ITEM_NONE	0	prize	Maylene	MAP_HEADER_VEILSTONE_CITY_PRIZE_EXCHANGE	GameCornerPrizes	ITEM_METRONOME		3	Metronome moves to an optional fight; its prize slot is dropped
ITEM_PUNCHING_GLOVE	1	trainer	Maylene	MAP_HEADER_CAFE			TRAINER_WAITRESS_KATI		held item; reading 2.3
ITEM_TM28	1	trainer	Maylene	MAP_HEADER_CAFE			TRAINER_COLLECTOR_EDWIN		Dig, weak; reading 2.3
ITEM_TM30	2	trainer	Maylene	MAP_HEADER_GAME_CORNER		ITEM_TM64	TRAINER_GAME_CORNER_CHALLENGER		Shadow Ball, utility; in place of the gift for ten straight bonus rounds (ITEM_TM64), a new optional trainer
ITEM_ASSAULT_VEST	1	trainer	Maylene	MAP_HEADER_ROUTE_209			TRAINER_YOUNG_COUPLE_TY_AND_SUE		held item; reading 2.5
ITEM_SILK_SCARF	1	trainer	Maylene	MAP_HEADER_ROUTE_209			TRAINER_JOGGER_RAUL		held item; reading 2.3
ITEM_SAFETY_GOGGLES	1	trainer	Maylene	MAP_HEADER_ROUTE_210_SOUTH			TRAINER_BREEDER_KAHLIL		held item; reading 2.4
ITEM_TM10	1	trainer	Maylene	MAP_HEADER_ROUTE_210_SOUTH			TRAINER_JOGGER_WYATT		Hidden Power, weak; reading 2.3
ITEM_TM22	1	trainer	Maylene	MAP_HEADER_ROUTE_215			TRAINER_RUIN_MANIAC_CALVIN		SolarBeam, weak; reading 2.3
ITEM_TM34	1	trainer	Maylene	MAP_HEADER_ROUTE_215			TRAINER_JOGGER_SCOTT		Shock Wave, weak; reading 2.3
ITEM_TM83	2	ball	Wake	MAP_HEADER_GREAT_MARSH_1		ITEM_POKE_BALL			Expanding Force, utility; a ball that holds ITEM_POKE_BALL today
ITEM_TM84	2	ball	Wake	MAP_HEADER_GREAT_MARSH_3		ITEM_GREAT_BALL			Poison Jab, utility; a ball that holds ITEM_GREAT_BALL today
ITEM_TM81	2	ball	Wake	MAP_HEADER_GREAT_MARSH_4		ITEM_POKE_BALL			X-Scissor, utility; a ball that holds ITEM_POKE_BALL today
ITEM_TM44	2	ball	Wake	MAP_HEADER_GREAT_MARSH_5		ITEM_GREAT_BALL			Wild Charge, utility; a ball that holds ITEM_GREAT_BALL today
ITEM_TM59	2	ball	Wake	MAP_HEADER_POKEMON_MANSION_OFFICE		ITEM_TM87			Dragon Pulse, utility; a TM place today (ITEM_TM87)
ITEM_TM73	1	ball	Wake	MAP_HEADER_ROUTE_212_NORTH		ITEM_TM11			Thunder Wave, strong; a TM place today (ITEM_TM11)
ITEM_TM45	2	ball	Wake	MAP_HEADER_ROUTE_212_SOUTH		ITEM_TM62			Alluring Voice, utility; a TM place today (ITEM_TM62)
ITEM_TM61	1	ball	Wake	MAP_HEADER_ROUTE_212_SOUTH		ITEM_TM06			Will-O-Wisp, strong; a TM place today (ITEM_TM06)
ITEM_TM05	2	ball	Wake	MAP_HEADER_ROUTE_213		ITEM_TM40			Dazzling Gleam, utility; a TM place today (ITEM_TM40)
ITEM_TM02	2	ball	Wake	MAP_HEADER_RUIN_MANIAC_CAVE_SHORT		ITEM_TM28			Dragon Claw, utility; a TM place today (ITEM_TM28)
ITEM_TM82	2	gift	Wake	MAP_HEADER_GRAND_LAKE_ROUTE_213_NORTHWEST_HOUSE		ITEM_TM92			Bounce, utility; a TM place today (ITEM_TM92)
ITEM_TM82	2	gift	Wake	MAP_HEADER_PASTORIA_CITY_GYM		ITEM_TM55			Bounce, utility; a TM place today (ITEM_TM55)
ITEM_TM41	1	prize	Wake	MAP_HEADER_VEILSTONE_CITY_PRIZE_EXCHANGE	GameCornerPrizes	ITEM_TM74		4	Charm, strong; bought once, from 4 badges, giving 1
ITEM_TM41	1	prize	Wake	MAP_HEADER_VEILSTONE_CITY_PRIZE_EXCHANGE	GameCornerPrizes	ITEM_TM68		4	Charm, strong; bought once, from 4 badges, giving 1
ITEM_TM63	1	prize	Wake	MAP_HEADER_VEILSTONE_CITY_PRIZE_EXCHANGE	GameCornerPrizes	ITEM_TM13		4	Confuse Ray, strong; bought once, from 4 badges, giving 1
ITEM_TM63	1	prize	Wake	MAP_HEADER_VEILSTONE_CITY_PRIZE_EXCHANGE	GameCornerPrizes	ITEM_TM29		4	Confuse Ray, strong; bought once, from 4 badges, giving 1
ITEM_WEAKNESS_POLICY	1	trainer	Wake	MAP_HEADER_ROUTE_212_SOUTH			TRAINER_SCIENTIST_SHAUN		held item; reading 3.2
ITEM_WIDE_LENS	1	trainer	Wake	MAP_HEADER_ROUTE_212_SOUTH			TRAINER_FISHERMAN_JOSH		held item; reading 3.4
ITEM_COVERT_CLOAK	1	trainer	Wake	MAP_HEADER_ROUTE_213			TRAINER_FISHERMAN_KENNETH		held item; reading 3.2
ITEM_TM72	1	trainer	Wake	MAP_HEADER_ROUTE_214			TRAINER_PI_CARLOS		Avalanche, weak; reading 2.3
ITEM_EJECT_BUTTON	1	trainer	Wake	MAP_HEADER_ROUTE_219			TRAINER_TUBER_TRENTON		held item; reading 2.9
ITEM_RED_CARD	1	trainer	Wake	MAP_HEADER_ROUTE_219			TRAINER_TUBER_MARIEL		held item; reading 2.8
ITEM_TM17	2	ball	Byron	MAP_HEADER_CANALAVE_CITY		ITEM_TM89			StompingTantrum, utility; a TM place today (ITEM_TM89)
ITEM_TM54	2	ball	Byron	MAP_HEADER_FUEGO_IRONWORKS_BUILDING		ITEM_TM35			False Swipe, utility; a TM place today (ITEM_TM35)
ITEM_LUM_BERRY	1	ball	Byron	MAP_HEADER_IRON_ISLAND_B2F_RIGHT_ROOM		ITEM_TM23			a TM place the spread leaves to another item
ITEM_SITRUS_BERRY	1	ball	Byron	MAP_HEADER_LAKE_VALOR		ITEM_TM25			a TM place the spread leaves to another item
ITEM_LUM_BERRY	1	ball	Byron	MAP_HEADER_LAKE_VERITY		ITEM_TM38			a TM place the spread leaves to another item
ITEM_SITRUS_BERRY	1	ball	Byron	MAP_HEADER_RAVAGED_PATH		ITEM_TM03			a TM place the spread leaves to another item
ITEM_LUM_BERRY	1	ball	Byron	MAP_HEADER_ROUTE_209		ITEM_TM19			a TM place the spread leaves to another item
ITEM_SITRUS_BERRY	1	ball	Byron	MAP_HEADER_ROUTE_210_NORTH		ITEM_TM30			a TM place the spread leaves to another item
ITEM_SITRUS_BERRY	1	ball	Byron	MAP_HEADER_ROUTE_212_SOUTH		ITEM_TM84			a TM place the spread leaves to another item
ITEM_LUM_BERRY	1	ball	Byron	MAP_HEADER_ROUTE_221		ITEM_TM81			a TM place the spread leaves to another item
ITEM_SITRUS_BERRY	1	ball	Byron	MAP_HEADER_VALLEY_WINDWORKS_OUTSIDE		ITEM_TM24			a TM place the spread leaves to another item
ITEM_TM85	2	gift	Byron	MAP_HEADER_CANALAVE_CITY_GYM		ITEM_TM91			Skitter Smack, utility; a TM place today (ITEM_TM91)
ITEM_TM94	2	gift	Byron	MAP_HEADER_CANALAVE_CITY_SOUTHEAST_HOUSE		ITEM_TM48			Psybeam, utility; a TM place today (ITEM_TM48)
ITEM_TM11	2	gift	Byron	MAP_HEADER_CELESTIC_TOWN_CAVE		ITEM_HM03			Spite, utility; a TM place today (ITEM_HM03)
ITEM_SITRUS_BERRY	1	gift	Byron	MAP_HEADER_IRON_ISLAND		ITEM_HM04			a TM place the spread leaves to another item
ITEM_LUM_BERRY	1	gift	Byron	MAP_HEADER_ROUTE_211_EAST		ITEM_TM77			a TM place the spread leaves to another item
ITEM_HM02	1	mart	Byron	MAP_HEADER_VEILSTONE_STORE_3F	MART_SPECIALTIES_ID_VEILSTONE_3F_DOWN	ITEM_TM15		5	Fly, strong; bought once, from 5 badges, giving 1
ITEM_TM23	1	mart	Byron	MAP_HEADER_VEILSTONE_STORE_3F	MART_SPECIALTIES_ID_VEILSTONE_3F_UP	ITEM_TM33		5	Iron Tail, strong; bought once, from 5 badges, giving 1
ITEM_TM26	1	mart	Byron	MAP_HEADER_VEILSTONE_STORE_3F	MART_SPECIALTIES_ID_VEILSTONE_3F_UP	ITEM_TM20		5	Earthquake, strong; bought once, from 5 badges, giving 1
ITEM_TM35	1	mart	Byron	MAP_HEADER_VEILSTONE_STORE_3F	MART_SPECIALTIES_ID_VEILSTONE_3F_DOWN	ITEM_TM52		5	Flamethrower, strong; bought once, from 5 badges, giving 1
ITEM_TM53	1	mart	Byron	MAP_HEADER_VEILSTONE_STORE_3F	MART_SPECIALTIES_ID_VEILSTONE_3F_DOWN	ITEM_TM22		5	Energy Ball, strong; bought once, from 5 badges, giving 1
ITEM_TM67	1	mart	Byron	MAP_HEADER_VEILSTONE_STORE_3F	MART_SPECIALTIES_ID_VEILSTONE_3F_DOWN	ITEM_TM25		5	Ice Punch, strong; bought once, from 5 badges, giving 1
ITEM_TM67	1	mart	Byron	MAP_HEADER_VEILSTONE_STORE_3F	MART_SPECIALTIES_ID_VEILSTONE_3F_DOWN	ITEM_TM14		5	Ice Punch, strong; bought once, from 5 badges, giving 1
ITEM_TM71	1	mart	Byron	MAP_HEADER_VEILSTONE_STORE_3F	MART_SPECIALTIES_ID_VEILSTONE_3F_UP	ITEM_TM16		5	Stone Edge, strong; bought once, from 5 badges, giving 1
ITEM_TM77	1	mart	Byron	MAP_HEADER_VEILSTONE_STORE_3F	MART_SPECIALTIES_ID_VEILSTONE_3F_UP	ITEM_TM70		5	Foul Play, strong; bought once, from 5 badges, giving 1
ITEM_TM77	1	mart	Byron	MAP_HEADER_VEILSTONE_STORE_3F	MART_SPECIALTIES_ID_VEILSTONE_3F_DOWN	ITEM_TM38		5	Foul Play, strong; bought once, from 5 badges, giving 1
ITEM_TM07	1	prize	Byron	MAP_HEADER_VEILSTONE_CITY_PRIZE_EXCHANGE	GameCornerPrizes	ITEM_TM24		5	Curse, strong; bought once, from 5 badges, giving 1
ITEM_TM29	1	prize	Byron	MAP_HEADER_VEILSTONE_CITY_PRIZE_EXCHANGE	GameCornerPrizes	ITEM_TM32		5	Psychic, strong; bought once, from 5 badges, giving 1
ITEM_TM36	1	prize	Byron	MAP_HEADER_VEILSTONE_CITY_PRIZE_EXCHANGE	GameCornerPrizes	ITEM_TM89		5	Sludge Bomb, strong; bought once, from 5 badges, giving 1
ITEM_TM49	1	prize	Byron	MAP_HEADER_VEILSTONE_CITY_PRIZE_EXCHANGE	GameCornerPrizes	ITEM_TM27		5	Agility, strong; bought once, from 5 badges, giving 1
ITEM_TM64	1	prize	Byron	MAP_HEADER_VEILSTONE_CITY_PRIZE_EXCHANGE	GameCornerPrizes	ITEM_TM58		5	Play Rough, strong; bought once, from 5 badges, giving 1
ITEM_MIRROR_HERB	1	trainer	Byron	MAP_HEADER_ROUTE_220			TRAINER_SWIMMER_JESSICA		held item; reading 2.7
ITEM_ZOOM_LENS	1	trainer	Byron	MAP_HEADER_ROUTE_220			TRAINER_SWIMMER_ADRIAN		held item; reading 2.7
ITEM_CLEAR_AMULET	1	trainer	Byron	MAP_HEADER_ROUTE_221			TRAINER_FISHERMAN_CORY		held item; reading 2.7
ITEM_TM80	2	ball	Candice	MAP_HEADER_LAKE_ACUITY		ITEM_TM14			Rock Slide, utility; a TM place today (ITEM_TM14)
ITEM_TM74	2	ball	Candice	MAP_HEADER_MT_CORONET_1F_NORTH_ROOM_1		ITEM_TM69			Gyro Ball, utility; a TM place today (ITEM_TM69)
ITEM_TM55	2	ball	Candice	MAP_HEADER_OREBURGH_GATE_B1F		ITEM_TM01			Brine, utility; a TM place today (ITEM_TM01)
ITEM_HM05	2	ball	Candice	MAP_HEADER_ROUTE_217		ITEM_HM08			Defog, utility; a TM place today (ITEM_HM08)
ITEM_TM16	2	ball	Candice	MAP_HEADER_ROUTE_217		ITEM_TM07			Light Screen, utility; a TM place today (ITEM_TM07)
ITEM_LUM_BERRY	1	gift	Candice	MAP_HEADER_SNOWPOINT_CITY_GYM		ITEM_TM72			a TM place the spread leaves to another item
ITEM_HM08	1	prize	Candice	MAP_HEADER_VEILSTONE_CITY_PRIZE_EXCHANGE	GameCornerPrizes	ITEM_TM44		6	Rock Climb, strong; bought once, from 6 badges, giving 1
ITEM_TM07	1	prize	Candice	MAP_HEADER_VEILSTONE_CITY_PRIZE_EXCHANGE	GameCornerPrizes	ITEM_TM35		6	Curse, strong; bought once, from 6 badges, giving 1
ITEM_TM13	1	prize	Candice	MAP_HEADER_VEILSTONE_CITY_PRIZE_EXCHANGE	GameCornerPrizes	ITEM_TM90		6	Ice Beam, strong; bought once, from 6 badges, giving 1
ITEM_TM49	1	prize	Candice	MAP_HEADER_VEILSTONE_CITY_PRIZE_EXCHANGE	GameCornerPrizes	ITEM_TM10		6	Agility, strong; bought once, from 6 badges, giving 1
ITEM_TM64	1	prize	Candice	MAP_HEADER_VEILSTONE_CITY_PRIZE_EXCHANGE	GameCornerPrizes	ITEM_TM75		6	Play Rough, strong; bought once, from 6 badges, giving 1
ITEM_METRONOME	1	trainer	Candice	MAP_HEADER_LAKE_VALOR_DRAINED			TRAINER_GALACTIC_GRUNT_LAKE_VALOR_3		held item; reading 2.3
ITEM_RING_TARGET	1	trainer	Candice	MAP_HEADER_ROUTE_216			TRAINER_ACE_TRAINER_BLAKE		held item; reading 2.4
ITEM_ABILITY_SHIELD	1	trainer	Candice	MAP_HEADER_ROUTE_217			TRAINER_SKIER_LEXIE		held item; reading 2.4
ITEM_TM37	2	ball	HQ	MAP_HEADER_GALACTIC_HQ_1F		ITEM_TM49			Signal Beam, utility; a TM place today (ITEM_TM49)
ITEM_TM43	2	ball	HQ	MAP_HEADER_GALACTIC_HQ_3F		ITEM_TM21			Secret Power, utility; a TM place today (ITEM_TM21)
ITEM_TM56	2	ball	HQ	MAP_HEADER_GALACTIC_HQ_B2F		ITEM_TM36			Hex, utility; a TM place today (ITEM_TM36)
ITEM_TM18	2	ball	HQ	MAP_HEADER_ROUTE_211_EAST		ITEM_TM29			Scary Face, utility; a TM place today (ITEM_TM29)
ITEM_TM33	2	ball	HQ	MAP_HEADER_ROUTE_213		ITEM_TM05			Reflect, utility; a TM place today (ITEM_TM05)
ITEM_SITRUS_BERRY	1	ball	HQ	MAP_HEADER_ROUTE_216		ITEM_TM13			a TM place the spread leaves to another item
ITEM_LUM_BERRY	1	ball	HQ	MAP_HEADER_VALOR_LAKEFRONT		ITEM_TM85			a TM place the spread leaves to another item
ITEM_SITRUS_BERRY	1	ball	HQ	MAP_HEADER_VEILSTONE_CITY_GALACTIC_WAREHOUSE		ITEM_HM02			a TM place the spread leaves to another item
ITEM_TM38	1	ball	Galactic	MAP_HEADER_MT_CORONET_2F		ITEM_ESCAPE_ROPE			Fire Blast, strong; a ball that holds ITEM_ESCAPE_ROPE today
ITEM_TM75	1	ball	Galactic	MAP_HEADER_MT_CORONET_2F		ITEM_TM80			Meteor Beam, strong; a TM place today (ITEM_TM80)
ITEM_TM75	1	ball	Galactic	MAP_HEADER_ROUTE_226		ITEM_TM53			Meteor Beam, strong; a TM place today (ITEM_TM53)
ITEM_TM70	1	ball	Galactic	MAP_HEADER_ROUTE_228		ITEM_TM37			Outrage, strong; a TM place today (ITEM_TM37)
ITEM_TM01	1	ball	Galactic	MAP_HEADER_STARK_MOUNTAIN_ROOM_1		ITEM_ESCAPE_ROPE			Hydro Pump, strong; a ball that holds ITEM_ESCAPE_ROPE today
ITEM_TM70	1	ball	Galactic	MAP_HEADER_STARK_MOUNTAIN_ROOM_2		ITEM_TM50			Outrage, strong; a TM place today (ITEM_TM50)
ITEM_TM14	1	gift	Galactic	MAP_HEADER_SURVIVAL_AREA_SOUTH_HOUSE		ITEM_TM42			Blizzard, strong; a TM place today (ITEM_TM42)
ITEM_TM01	1	trainer	Galactic	MAP_HEADER_ROUTE_225			TRAINER_ACE_TRAINER_DEANNA		Hydro Pump, strong; an optional trainer late in the game; reading 3.2
ITEM_TM25	1	trainer	Galactic	MAP_HEADER_ROUTE_225			TRAINER_ACE_TRAINER_QUINN		Thunder, strong; an optional trainer late in the game; reading 3.2
ITEM_TM27	1	trainer	Galactic	MAP_HEADER_ROUTE_226			TRAINER_BIRD_KEEPER_GENEVA		Return, strong; an optional trainer late in the game; reading 2.8
ITEM_HM03	1	trainer	Galactic	MAP_HEADER_ROUTE_227			TRAINER_ACE_TRAINER_MIKAYLA		Surf, strong; an optional trainer late in the game; reading 2.7
ITEM_TM58	1	trainer	Galactic	MAP_HEADER_ROUTE_228			TRAINER_ACE_TRAINER_JOSE		Triple Axel, strong; an optional trainer late in the game; reading 3.2
ITEM_TM69	1	trainer	Galactic	MAP_HEADER_ROUTE_228			TRAINER_ACE_TRAINER_MEAGAN		Rock Polish, strong; an optional trainer late in the game; reading 2.6
ITEM_HM07	1	trainer	Galactic	MAP_HEADER_ROUTE_229			TRAINER_ACE_TRAINER_DANA		Waterfall, strong; an optional trainer late in the game; reading 2.7
ITEM_TM21	1	trainer	Galactic	MAP_HEADER_ROUTE_229			TRAINER_RANGER_DESHAWN		Frustration, strong; an optional trainer late in the game; reading 2.9
ITEM_TM50	1	trainer	Galactic	MAP_HEADER_ROUTE_230			TRAINER_SWIMMER_SAM		Overheat, strong; an optional trainer late in the game; reading 3.0
ITEM_TM58	1	trainer	Galactic	MAP_HEADER_ROUTE_230			TRAINER_SWIMMER_MALLORY		Triple Axel, strong; an optional trainer late in the game; reading 3.1
ITEM_TM24	1	gift	Volkner	MAP_HEADER_ROUTE_222		ITEM_TM56			Thunderbolt, strong; a TM place today (ITEM_TM56)
ITEM_TM04	1	gift	Volkner	MAP_HEADER_SUNYSHORE_CITY		ITEM_HM07			Calm Mind, strong; a TM place today (ITEM_HM07)
ITEM_TM93	2	gift	Volkner	MAP_HEADER_SUNYSHORE_CITY_GYM_ROOM_3		ITEM_TM57			Psychic Noise, utility; a TM place today (ITEM_TM57)
ITEM_PIXIE_PLATE	1	trainer	Volkner	MAP_HEADER_ROUTE_222			TRAINER_BEAUTY_NICOLA		held item; reading 2.3
ITEM_TM93	2	ball	Barry	MAP_HEADER_ROUTE_223		ITEM_TM18			Psychic Noise, utility; a TM place today (ITEM_TM18)
ITEM_TM86	2	ball	Barry	MAP_HEADER_VICTORY_ROAD_1F		ITEM_TM41			Grass Knot, utility; a TM place today (ITEM_TM41)
ITEM_TM48	1	ball	Barry	MAP_HEADER_VICTORY_ROAD_2F		ITEM_TM79			Iron Defense, strong; a TM place today (ITEM_TM79)
ITEM_TM89	2	ball	Barry	MAP_HEADER_VICTORY_ROAD_2F		ITEM_TM71			U-turn, utility; a TM place today (ITEM_TM71)
ITEM_TM78	2	ball	Barry	MAP_HEADER_VICTORY_ROAD_B1F		ITEM_TM59			Captivate, utility; a TM place today (ITEM_TM59)
ITEM_TM15	1	mart	Barry	MAP_HEADER_VEILSTONE_STORE_3F	MART_SPECIALTIES_ID_VEILSTONE_3F_UP	ITEM_TM17		8	Hyper Beam, strong; bought once, from 8 badges, giving 1
ITEM_TM52	1	mart	Barry	MAP_HEADER_VEILSTONE_STORE_3F	MART_SPECIALTIES_ID_VEILSTONE_3F_UP	ITEM_TM54		8	Focus Blast, strong; bought once, from 8 badges, giving 1
ITEM_TM68	1	mart	Barry	MAP_HEADER_VEILSTONE_STORE_3F	MART_SPECIALTIES_ID_VEILSTONE_3F_UP	ITEM_TM83		8	Giga Impact, strong; bought once, from 8 badges, giving 1
ITEM_TM08	1	prize	Barry	MAP_HEADER_VEILSTONE_CITY_PRIZE_EXCHANGE	GameCornerPrizes	ITEM_TM21		8	Bulk Up, strong; bought once, from 8 badges, giving 1
