tm	move
TM01	MOVE_HYDRO_PUMP
TM02	MOVE_DRAGON_CLAW
TM03	MOVE_WATER_PULSE
TM04	MOVE_CALM_MIND
TM05	MOVE_DAZZLING_GLEAM
TM06	MOVE_TOXIC
TM07	MOVE_CURSE
TM08	MOVE_BULK_UP
TM09	MOVE_BULLET_SEED
TM10	MOVE_HIDDEN_POWER
TM11	MOVE_SPITE
TM12	MOVE_TAUNT
TM13	MOVE_ICE_BEAM
TM14	MOVE_BLIZZARD
TM15	MOVE_HYPER_BEAM
TM16	MOVE_LIGHT_SCREEN
TM17	MOVE_STOMPING_TANTRUM
TM18	MOVE_SCARY_FACE
TM19	MOVE_GIGA_DRAIN
TM20	MOVE_SAFEGUARD
TM21	MOVE_FRUSTRATION
TM22	MOVE_SOLAR_BEAM
TM23	MOVE_IRON_TAIL
TM24	MOVE_THUNDERBOLT
TM25	MOVE_THUNDER
TM26	MOVE_EARTHQUAKE
TM27	MOVE_RETURN
TM28	MOVE_DIG
TM29	MOVE_PSYCHIC
TM30	MOVE_SHADOW_BALL
TM31	MOVE_BRICK_BREAK
TM32	MOVE_ZEN_HEADBUTT
TM33	MOVE_REFLECT
TM34	MOVE_SHOCK_WAVE
TM35	MOVE_FLAMETHROWER
TM36	MOVE_SLUDGE_BOMB
TM37	MOVE_SIGNAL_BEAM
TM38	MOVE_FIRE_BLAST
TM39	MOVE_ROCK_TOMB
TM40	MOVE_AERIAL_ACE
TM41	MOVE_CHARM
TM42	MOVE_FACADE
TM43	MOVE_SECRET_POWER
TM44	MOVE_WILD_CHARGE
TM45	MOVE_ALLURING_VOICE
TM46	MOVE_KNOCK_OFF
TM47	MOVE_STEEL_WING
TM48	MOVE_IRON_DEFENSE
TM49	MOVE_AGILITY
TM50	MOVE_OVERHEAT
TM51	MOVE_ROOST
TM52	MOVE_FOCUS_BLAST
TM53	MOVE_ENERGY_BALL
TM54	MOVE_FALSE_SWIPE
TM55	MOVE_BRINE
TM56	MOVE_HEX
TM57	MOVE_CHARGE_BEAM
TM58	MOVE_TRIPLE_AXEL
TM59	MOVE_DRAGON_PULSE
TM60	MOVE_DRAIN_PUNCH
TM61	MOVE_WILL_O_WISP
TM62	MOVE_SILVER_WIND
TM63	MOVE_CONFUSE_RAY
TM64	MOVE_PLAY_ROUGH
TM65	MOVE_SHADOW_CLAW
TM66	MOVE_PAYBACK
TM67	MOVE_ICE_PUNCH
TM68	MOVE_GIGA_IMPACT
TM69	MOVE_ROCK_POLISH
TM70	MOVE_OUTRAGE
TM71	MOVE_STONE_EDGE
TM72	MOVE_AVALANCHE
TM73	MOVE_THUNDER_WAVE
TM74	MOVE_GYRO_BALL
TM75	MOVE_METEOR_BEAM
TM76	MOVE_STEALTH_ROCK
TM77	MOVE_FOUL_PLAY
TM78	MOVE_CAPTIVATE
TM79	MOVE_DARK_PULSE
TM80	MOVE_ROCK_SLIDE
TM81	MOVE_X_SCISSOR
TM82	MOVE_BOUNCE
TM83	MOVE_EXPANDING_FORCE
TM84	MOVE_POISON_JAB
TM85	MOVE_SKITTER_SMACK
TM86	MOVE_GRASS_KNOT
TM87	MOVE_SWAGGER
TM88	MOVE_PLUCK
TM89	MOVE_U_TURN
TM90	MOVE_BLOCK
TM91	MOVE_FLASH_CANNON
TM92	MOVE_TRICK_ROOM
TM93	MOVE_PSYCHIC_NOISE
TM94	MOVE_PSYBEAM
HM02	MOVE_FLY
HM03	MOVE_SURF
HM04	MOVE_STRENGTH
HM05	MOVE_DEFOG
HM07	MOVE_WATERFALL
HM08	MOVE_ROCK_CLIMB
