move	status	tier	copies	three_copy_candidate	lines	niche_lift	worth	split	place	no_earlier_than	reaches_early	note
Aerial Ace	kept	weak	1		87	0	60	Wake	defeating collector_jamal (scale 2.4)			
Air Slash	new	utility	2		42	7	75					no free place from that split
Avalanche	kept	weak	1		41	0	60	Candice	defeating skier_edward (scale 2.0)			
Baton Pass	new	strong	1		54	12	125	Volkner	ROUTE_222 (gift, today ITEM_TM56)	Byron	Absol, Aipom, Alolan Ninetales, Ambipom, Blaziken, Buizel, Buneary, Charjabug, Chimecho, Chingling, Cinccino, Cinderace, Clefable, Clefairy, Combusken, Dartrix, Decidueye, Delcatty, Drifblim, Dubwool, Emolga, Espeon, Flareon, Floatzel, Florges, Furret, Galarian Mr Mime, Girafarig, Glaceon, Gligar, Gliscor, Gorebyss, Grubbin, Hoppip, Huntail, Jolteon, Jumpluff, Kleavor, Kricketune, Leafeon, Leavanny, Liepard, Lopunny, Manaphy, Masquerain, Medicham, Meditite, Mienfoo, Mienshao, Minun, Mr Mime, Mr Rime, Ninetales, Orbeetle, Pawmi, Pawmo, Pawmot, Plusle, Poliwrath, Polteageist, Purrloin, Raboot, Rapidash, Rowlet, Scizor, Scorbunny, Scyther, Sewaddle, Skiploom, Skitty, Surskit, Swadloon, Togekiss, Togetic, Torchic, Toxicroak, Vaporeon, Vulpix	
Blizzard	kept	strong	1		84	20	110	Candice	LAKE_ACUITY (ball)	Byron	Alolan Ninetales, Jynx, Mamoswine, Piloswine, Sneasel	
Bounce	new	utility	2		38	7	85					no free place from that split
Brick Break	kept	utility	2		88	7	75	Byron	OREBURGH_GATE_B1F (ball)			
Brine	kept	utility	2		44	11	65	Wake	PASTORIA_CITY_GYM (gift)			
Bulk Up	kept	strong	1		32	1	125	Byron	OREBURGH_GATE_B1F (ball, today ITEM_TM01)	Byron	Blaziken, Breloom, Buizel, Ceruledge, Cinderace, Combusken, Corviknight, Decidueye, Electabuzz, Electivire, Floatzel, Gallade, Granbull, Grapploct, Hariyama, Heracross, Litten, Machamp, Machop, Mankey, Medicham, Meditite, Mienfoo, Mienshao, Pawmot, Poliwrath, Primeape, Raboot, Snubbull, Staraptor, Starmie, Swampert, Talonflame, Torracat, Toxicroak	
Bullet Seed	kept	utility	2		30	9	75	Gardenia	ROUTE_204_NORTH (ball)			
Calm Mind	kept	strong	1		59	15	125	Byron	CANALAVE_CITY_SOUTHEAST_HOUSE (gift, today ITEM_TM48)	Byron	Abra, Absol, Alakazam, Alolan Ninetales, Armarouge, Braixen, Carbink, Chandelure, Chimecho, Chingling, Cinccino, Clefable, Clefairy, Corsola, Delcatty, Delphox, Dottler, Drifblim, Espeon, Fennekin, Flareon, Florges, Frosmoth, Galarian Mr Mime, Gallade, Gardevoir, Girafarig, Glaceon, Golduck, Gothitelle, Honchkrow, Hoothoot, Jolteon, Jynx, Kadabra, Leafeon, Leavanny, Manaphy, Medicham, Meditite, Mienfoo, Mienshao, Milotic, Misdreavus, Mismagius, Mr Mime, Mr Rime, Murkrow, Ninetales, Noctowl, Orbeetle, Pikachu, Polteageist, Psyduck, Raichu, Serperior, Servine, Sewaddle, Sinistcha, Skitty, Smoochum, Sneasel, Snivy, Swadloon, Togekiss, Togetic, Vaporeon	its place today, in Gardenia, is before Byron
Charge Beam	kept	weak	1		49	0	50	Volkner	defeating fisherman_brett (scale 2.0)			
Crunch	new	utility	2		47	8	80					no free place from that split
Curse	new	utility	2		72	17	100	Fantina	OLD_CHATEAU_BACK_MIDDLE_EAST_ROOM (ball, today ITEM_TM90)			
Dark Pulse	kept	utility	2		46	10	80	Barry	VICTORY_ROAD_2F (ball)			
Dazzling Gleam	new	utility	2		44	13	80	Wake	ROUTE_212_NORTH (ball, today ITEM_TM11)			
Dig	kept	utility	2		77	11	80	Wake	MANIAC_TUNNEL (ball)			
Dive	new	utility	2		48	9	80					no free place from that split
Dragon Claw	kept	utility	2		18	0	80	Gardenia	MT_CORONET_1F_NORTH_ROOM_1 (ball)			
Dragon Pulse	kept	utility	2		32	2	85	Barry	VICTORY_ROAD_B1F (ball)			
Drain Punch	kept	utility	2		33	1	75	Maylene	VEILSTONE_CITY_GYM (gift)			
Dual Wingbeat	new	utility	2		39	7	80					no free place from that split
Earth Power	new	strong	1		47	11	90			Byron	Carbink, Dolliv, Gligar, Glimmora, Gliscor, Golem, Grotle, Magcargo, Mamoswine, Mudkip, Nidoran F, Nidoran M, Nidorina, Nidorino, Nosepass, Onix, Phanpy, Politoed, Poliwag, Poliwhirl, Poliwrath, Rhydon, Shellos, Steelix, Swampert, Toxicroak, Turtwig, Vibrava	no free place from that split
Earthquake	kept	strong	1		83	9	100	Candice	ROUTE_217 (ball, today ITEM_HM08)	Byron	Altaria, Blastoise, Blaziken, Charizard, Drapion, Dwebble, Electivire, Empoleon, Feraligatr, Gallade, Girafarig, Glalie, Gligar, Gliscor, Golem, Granbull, Hariyama, Heracross, Machamp, Machop, Magcargo, Magmortar, Mamoswine, Mankey, Mantine, Mantyke, Nosepass, Onix, Phanpy, Politoed, Poliwhirl, Poliwrath, Primeape, Rhydon, Sceptile, Sharpedo, Snorlax, Snubbull, Steelix, Swampert, Tangrowth, Toxicroak, Tropius, Vibrava, Wailmer, Wailord, Walrein	its place today, in Fantina, is before Byron
Endure	kept	weak	1		216	0	75	Fantina	defeating cyclist_john (scale 2.0)			
Energy Ball	kept	strong	1		59	16	90	Galactic	ROUTE_226 (ball)	Byron	Abra, Alakazam, Alolan Ninetales, Armarouge, Beautifly, Breloom, Budew, Castform, Chandelure, Cherubi, Chimecho, Chingling, Decidueye, Dottler, Dustox, Emolga, Florges, Galarian Mr Mime, Gallade, Gardevoir, Gastly, Gengar, Girafarig, Glimmora, Gothitelle, Haunter, Jynx, Kadabra, Lombre, Ludicolo, Manaphy, Masquerain, Medicham, Misdreavus, Mismagius, Mothim, Mr Mime, Mr Rime, Ninetales, Nuzleaf, Octillery, Orbeetle, Roserade, Sceptile, Seedot, Sewaddle, Sinistcha, Swadloon, Tangrowth, Tropius, Vulpix	
Facade	kept	utility	2		216	52	70	Maylene	ROUTE_210_SOUTH (gift)			
False Swipe	kept	utility	2		29	0	40	Gardenia	ROUTE_204_NORTH (gift, today ITEM_TM78)			
Fire Blast	kept	strong	1		51	5	110	Byron	LAKE_VERITY (ball)	Byron	Absol, Altaria, Beautifly, Castform, Cinderace, Clefable, Clefairy, Combusken, Fletchinder, Gabite, Golem, Granbull, Graveler, Machamp, Machop, Nidoking, Nidoqueen, Octillery, Rapidash, Remoraid, Rhydon, Salazzle, Snorlax, Snubbull, Talonflame, Togekiss, Togetic	
Flamethrower	kept	strong	1		53	5	90	Byron	FUEGO_IRONWORKS_BUILDING (ball)	Byron	Absol, Altaria, Castform, Cinderace, Clefable, Clefairy, Combusken, Electivire, Fletchinder, Furret, Gabite, Golem, Granbull, Graveler, Machamp, Machop, Nidoking, Nidoqueen, Octillery, Rapidash, Remoraid, Rhydon, Salazzle, Snorlax, Snubbull, Talonflame, Togekiss, Togetic	
Flash Cannon	kept	utility	2		39	4	80	Byron	CANALAVE_CITY_GYM (gift)			
Focus Blast	kept	strong	1		74	2	120	HQ	VEILSTONE_CITY_GALACTIC_WAREHOUSE (ball, today ITEM_HM02)	Byron	Blaziken, Grapploct, Medicham, Pawmot, Poliwrath, Toxicroak	
Foul Play	new	strong	1		40	7	95			Byron	Abra, Aipom, Alakazam, Alolan Ninetales, Ambipom, Braixen, Delphox, Fennekin, Galarian Mr Mime, Gastly, Gengar, Girafarig, Glalie, Glameow, Gothitelle, Haunter, Houndoom, Kadabra, Masquerain, Misdreavus, Mismagius, Mr Mime, Mr Rime, Ninetales, Nuzleaf, Polteageist, Purugly, Rotom, Salazzle, Seedot, Shiftry, Skuntank, Sneasel, Toxicroak, Vulpix	no free place from that split
Frustration	kept	strong	1		200	49	102	HQ	GALACTIC_HQ_3F (ball)	Byron	Abra, Absol, Aipom, Alakazam, Alolan Ninetales, Altaria, Ambipom, Ampharos, Araquanid, Azumarill, Barboach, Beautifly, Bibarel, Bidoof, Blastoise, Blaziken, Braixen, Breloom, Brionne, Budew, Buizel, Buneary, Carbink, Carnivine, Carvanha, Castform, Chandelure, Charizard, Charjabug, Charmander, Charmeleon, Chatot, Cherrim, Cherubi, Chimecho, Chinchou, Chingling, Cinccino, Clamperl, Clefable, Clefairy, Combusken, Corphish, Corsola, Crawdaunt, Crobat, Dartrix, Decidueye, Delcatty, Delphox, Dewgong, Donphan, Drapion, Drifblim, Dustox, Dwebble, Electabuzz, Electivire, Elekid, Emolga, Empoleon, Espeon, Fennekin, Feraligatr, Finneon, Flaaffy, Flareon, Fletchinder, Fletchling, Floatzel, Florges, Froakie, Frogadier, Froslass, Furret, Gabite, Gallade, Galvantula, Gardevoir, Gastly, Gengar, Girafarig, Glaceon, Glalie, Glameow, Gligar, Gliscor, Golbat, Goldeen, Golduck, Golem, Gorebyss, Gothitelle, Granbull, Graveler, Greninja, Grotle, Grovyle, Grubbin, Hariyama, Haunter, Heracross, Hippowdon, Honchkrow, Hoothoot, Hoppip, Houndoom, Houndour, Huntail, Jolteon, Jumpluff, Jynx, Kadabra, Kingdra, Kingler, Krabby, Kricketune, Lanturn, Leafeon, Leavanny, Liepard, Litten, Lombre, Lopunny, Lotad, Ludicolo, Lumineon, Luvdisc, Luxio, Luxray, Machamp, Machop, Magby, Magcargo, Magmar, Magmortar, Mamoswine, Manaphy, Mankey, Mantine, Mantyke, Mareep, Marill, Marshtomp, Masquerain, Medicham, Meditite, Mienfoo, Mienshao, Mightyena, Milotic, Minun, Misdreavus, Mismagius, Mothim, Mr Mime, Mudkip, Murkrow, Nidoking, Nidoqueen, Nidoran F, Nidoran M, Nidorina, Nidorino, Ninetales, Noctowl, Nosepass, Nuzleaf, Octillery, Onix, Pachirisu, Pelipper, Phanpy, Pikachu, Pikipek, Piloswine, Piplup, Plusle, Politoed, Poliwag, Poliwhirl, Poliwrath, Ponyta, Poochyena, Popplio, Primeape, Prinplup, Psyduck, Purrloin, Purugly, Quagsire, Qwilfish, Raichu, Rapidash, Remoraid, Rhydon, Roselia, Roserade, Rotom, Rowlet, Salazzle, Sceptile, Scizor, Scyther, Seadra, Seaking, Seedot, Serperior, Servine, Sewaddle, Sharpedo, Shellos, Shiftry, Shinx, Shroomish, Skiploom, Skitty, Skuntank, Smoochum, Sneasel, Snivy, Snorlax, Snorunt, Snover, Snubbull, Squirtle, Staraptor, Staravia, Starly, Starmie, Staryu, Steelix, Steenee, Surskit, Swadloon, Swampert, Swinub, Talonflame, Tangrowth, Tentacool, Tentacruel, Togekiss, Togetic, Torchic, Torracat, Torterra, Toucannon, Toxicroak, Treecko, Tropius, Trumbeak, Tsareena, Turtwig, Vaporeon, Vespiquen, Vibrava, Vullaby, Vulpix, Wailmer, Wailord, Walrein, Wartortle, Whiscash, Wingull, Wormadam, Yanma, Yanmega, Zubat	
Future Sight	new	strong	1		34	5	120			Byron	Armarouge, Azumarill, Castform, Chingling, Clefable, Delphox, Dottler, Golduck, Jynx, Marill, Misdreavus, Mismagius, Noctowl, Psyduck, Togekiss, Togetic	no free place from that split
Giga Drain	kept	utility	2		46	17	75	Byron	ROUTE_209 (ball)			
Giga Impact	kept	utility	2		208	20	75	Fantina	AMITY_SQUARE (ball, today ITEM_TM45)			
Glare	reliable-status group	strong	1		0	0	100			Roark		no free place from that split
Grass Knot	kept	utility	2		71	15	70	Gardenia	ETERNA_CITY_GYM (gift)			
Gyro Ball	kept	utility	2		24	4	70	Fantina	OLD_CHATEAU_BACK_EAST_ROOM (ball, today ITEM_TM90)			
Haze	new	utility	2		40	14	100	Maylene	SOLACEON_RUINS_ROOM_7 (ball, today ITEM_HM05)			
Heal Bell	new	utility	2		21	8	100					no free place from that split
Hidden Power	kept	weak	1		201	0	60	Roark	defeating youngster_michael (scale 2.0)			
Hydro Pump	new	strong	1		58	11	110	Barry	ROUTE_223 (ball, today ITEM_TM18)	Byron	Blastoise, Brionne, Buizel, Carvanha, Castform, Corsola, Feraligatr, Finneon, Floatzel, Golduck, Grapploct, Kingler, Lumineon, Luvdisc, Manaphy, Masquerain, Pelipper, Poliwrath, Remoraid, Rhydon, Sharpedo, Snorlax, Starmie, Staryu, Surskit, Vaporeon, Walrein, Wingull	
Hyper Beam	kept	utility	2		208	21	75	Gardenia	ETERNA_CITY (ball, today ITEM_TM46)			
Hyper Voice	new	strong	1		44	8	100			Byron	Altaria, Chingling, Clefable, Clefairy, Delcatty, Delphox, Donphan, Espeon, Flareon, Gallade, Gardevoir, Glaceon, Granbull, Houndoom, Houndour, Jolteon, Kricketune, Leafeon, Liepard, Lombre, Ludicolo, Magmortar, Mightyena, Misdreavus, Mismagius, Poochyena, Purrloin, Rotom, Salazzle, Snubbull, Togekiss, Torterra, Toucannon, Vaporeon, Wailmer, Wailord	no free place from that split
Ice Beam	kept	strong	1		86	21	90	Candice	ROUTE_216 (ball)	Byron	Absol, Alolan Ninetales, Altaria, Araquanid, Azumarill, Barboach, Bibarel, Bidoof, Blastoise, Brionne, Buizel, Buneary, Castform, Chinchou, Clamperl, Clefable, Clefairy, Corphish, Corsola, Crawdaunt, Delcatty, Empoleon, Feraligatr, Finneon, Floatzel, Froakie, Frogadier, Furret, Goldeen, Golduck, Gorebyss, Greninja, Jynx, Kingdra, Kingler, Krabby, Lanturn, Lombre, Lopunny, Lotad, Ludicolo, Lumineon, Luvdisc, Mamoswine, Manaphy, Mantine, Mantyke, Marill, Marshtomp, Masquerain, Milotic, Mudkip, Nidoking, Nidoqueen, Nidoran F, Nidoran M, Nidorina, Nidorino, Pelipper, Piloswine, Piplup, Politoed, Poliwag, Poliwhirl, Poliwrath, Popplio, Prinplup, Psyduck, Quagsire, Qwilfish, Rhydon, Seadra, Seaking, Sharpedo, Shellos, Skitty, Sneasel, Snorlax, Squirtle, Starmie, Staryu, Surskit, Swampert, Tentacool, Tentacruel, Vaporeon, Wailmer, Wailord, Wartortle, Whiscash, Wingull	
Ice Punch	new	strong	1		54	5	95			Byron	Abra, Aipom, Alakazam, Ambipom, Ampharos, Azumarill, Blastoise, Buizel, Buneary, Clefable, Clefairy, Electabuzz, Electivire, Elekid, Feraligatr, Flaaffy, Floatzel, Frogadier, Furret, Gallade, Gardevoir, Gastly, Gengar, Golduck, Granbull, Grapploct, Greninja, Hariyama, Haunter, Jynx, Kadabra, Lombre, Lopunny, Ludicolo, Machamp, Machop, Mankey, Marill, Marshtomp, Medicham, Meditite, Mr Mime, Nidoking, Nidoqueen, Nosepass, Pawmot, Politoed, Poliwhirl, Poliwrath, Primeape, Psyduck, Quagsire, Rhydon, Sneasel, Snorlax, Snubbull, Squirtle, Swampert, Toxicroak, Wartortle	no free place from that split
Iron Defense	new	utility	2		60	13	100	Wake	POKEMON_MANSION_OFFICE (ball, today ITEM_TM87)			
Iron Head	new	utility	2		54	5	80					no free place from that split
Iron Tail	kept	strong	1		81	11	100	Byron	IRON_ISLAND_B2F_RIGHT_ROOM (ball)	Wake		
Knock Off	new	utility	2		78	14	70	Fantina	WAYWARD_CAVE_1F (ball, today ITEM_TM32)			
Light Screen	kept	utility	2		70	23	100	Gardenia	ETERNA_CITY_CONDOMINIUMS_2F (gift, today ITEM_TM67)			
Meteor Beam	new	strong	1		30	6	120			Byron	Ampharos, Armarouge, Chimecho, Clefable, Clefairy, Onix, Starmie, Steelix	no free place from that split
Nasty Plot	new	strong	1		49	11	125	Barry	VICTORY_ROAD_1F (ball, today ITEM_TM41)	Byron	Aipom, Alakazam, Alolan Ninetales, Ambipom, Chatot, Corviknight, Corvisquire, Crawdaunt, Crobat, Dartrix, Decidueye, Delcatty, Delphox, Floragato, Frogadier, Froslass, Galarian Mr Mime, Gastly, Gengar, Girafarig, Glameow, Golbat, Golduck, Gothitelle, Greninja, Haunter, Honchkrow, Hoothoot, Houndoom, Houndour, Jynx, Liepard, Litten, Meowscarada, Mightyena, Minun, Misdreavus, Mismagius, Mr Mime, Mr Rime, Murkrow, Ninetales, Noctowl, Nuzleaf, Pikachu, Plusle, Polteageist, Poochyena, Psyduck, Purrloin, Purugly, Raichu, Rookidee, Rotom, Rowlet, Salazzle, Seedot, Shiftry, Sinistcha, Skitty, Skuntank, Smoochum, Sneasel, Togekiss, Togetic, Torracat, Toxicroak, Vullaby, Vulpix, Zubat	
Overheat	kept	strong	1		25	3	104	Galactic	STARK_MOUNTAIN_ROOM_2 (ball)	Byron	Cinderace, Combusken, Fletchinder, Fletchling, Granbull, Mankey, Primeape, Rapidash, Salazzle, Snubbull, Talonflame, Toucannon	
Pain Split	new	utility	2		34	11	100					no free place from that split
Payback	kept	weak	1		82	0	60	Maylene	defeating cowgirl_shelley (scale 2.0)			
Play Rough	new	strong	1		38	10	90			Byron	Absol, Alolan Ninetales, Altaria, Azumarill, Brionne, Buneary, Chatot, Cherrim, Cinccino, Clefable, Clefairy, Delcatty, Dewgong, Donphan, Frosmoth, Furret, Glameow, Granbull, Liepard, Lopunny, Luxio, Luxray, Marill, Mightyena, Minun, Mr Mime, Pachirisu, Pawmot, Phanpy, Pikachu, Plusle, Ponyta, Poochyena, Popplio, Purugly, Raichu, Rapidash, Shinx, Skitty, Skuntank, Snubbull, Steenee, Togekiss, Togetic, Tsareena	no free place from that split
Pluck	kept	weak	1		19	0	60	Gardenia	defeating bug_catcher_brandon (scale 2.0)			
Poison Jab	kept	utility	2		49	7	80	Byron	ROUTE_212_SOUTH (ball)			
Poltergeist	new	strong	1		15	6	110			Byron	Ceruledge, Chandelure, Decidueye, Froslass, Gengar, Polteageist, Rotom, Sinistcha	no free place from that split
Power Gem	new	utility	2		26	5	80					no free place from that split
Psybeam	new	utility	2		37	5	65					no free place from that split
Psychic	kept	strong	1		61	16	90	Byron	ROUTE_211_EAST (ball)	Byron	Abra, Armarouge, Beautifly, Braixen, Carbink, Chandelure, Chingling, Clefable, Clefairy, Corsola, Delphox, Dottler, Drifblim, Dustox, Electabuzz, Electivire, Elekid, Florges, Froslass, Gastly, Gengar, Golduck, Haunter, Honchkrow, Hoothoot, Jynx, Magby, Magmar, Magmortar, Manaphy, Medicham, Meditite, Misdreavus, Mismagius, Murkrow, Noctowl, Octillery, Politoed, Poliwag, Poliwhirl, Poliwrath, Polteageist, Psyduck, Remoraid, Snorlax, Starmie, Staryu, Togekiss, Togetic, Yanma, Yanmega	
Reflect	kept	utility	2		74	14	100	Gardenia	OREBURGH_GATE_B1F (ball, today ITEM_TM70)			
Rest	kept	weak	1		216	0	75	Fantina	defeating cyclist_james (scale 2.0)			
Return	kept	strong	1		200	49	102	Candice	ROUTE_217 (ball, today ITEM_TM07)	Byron	Abra, Absol, Aipom, Alakazam, Alolan Ninetales, Altaria, Ambipom, Ampharos, Araquanid, Azumarill, Barboach, Beautifly, Bibarel, Bidoof, Blastoise, Blaziken, Braixen, Breloom, Brionne, Budew, Buizel, Buneary, Carbink, Carnivine, Carvanha, Castform, Chandelure, Charizard, Charjabug, Charmander, Charmeleon, Chatot, Cherrim, Cherubi, Chimecho, Chinchou, Chingling, Cinccino, Clamperl, Clefable, Clefairy, Combusken, Corphish, Corsola, Crawdaunt, Crobat, Dartrix, Decidueye, Delcatty, Delphox, Dewgong, Donphan, Drapion, Drifblim, Dustox, Dwebble, Electabuzz, Electivire, Elekid, Emolga, Empoleon, Espeon, Fennekin, Feraligatr, Finneon, Flaaffy, Flareon, Fletchinder, Fletchling, Floatzel, Florges, Froakie, Frogadier, Froslass, Furret, Gabite, Gallade, Galvantula, Gardevoir, Gastly, Gengar, Girafarig, Glaceon, Glalie, Glameow, Gligar, Gliscor, Golbat, Goldeen, Golduck, Golem, Gorebyss, Gothitelle, Granbull, Graveler, Greninja, Grotle, Grovyle, Grubbin, Hariyama, Haunter, Heracross, Hippowdon, Honchkrow, Hoothoot, Hoppip, Houndoom, Houndour, Huntail, Jolteon, Jumpluff, Jynx, Kadabra, Kingdra, Kingler, Krabby, Kricketune, Lanturn, Leafeon, Leavanny, Liepard, Litten, Lombre, Lopunny, Lotad, Ludicolo, Lumineon, Luvdisc, Luxio, Luxray, Machamp, Machop, Magby, Magcargo, Magmar, Magmortar, Mamoswine, Manaphy, Mankey, Mantine, Mantyke, Mareep, Marill, Marshtomp, Masquerain, Medicham, Meditite, Mienfoo, Mienshao, Mightyena, Milotic, Minun, Misdreavus, Mismagius, Mothim, Mr Mime, Mudkip, Murkrow, Nidoking, Nidoqueen, Nidoran F, Nidoran M, Nidorina, Nidorino, Ninetales, Noctowl, Nosepass, Nuzleaf, Octillery, Onix, Pachirisu, Pelipper, Phanpy, Pikachu, Pikipek, Piloswine, Piplup, Plusle, Politoed, Poliwag, Poliwhirl, Poliwrath, Ponyta, Poochyena, Popplio, Primeape, Prinplup, Psyduck, Purrloin, Purugly, Quagsire, Qwilfish, Raichu, Rapidash, Remoraid, Rhydon, Roselia, Roserade, Rotom, Rowlet, Salazzle, Sceptile, Scizor, Scyther, Seadra, Seaking, Seedot, Serperior, Servine, Sewaddle, Sharpedo, Shellos, Shiftry, Shinx, Shroomish, Skiploom, Skitty, Skuntank, Smoochum, Sneasel, Snivy, Snorlax, Snorunt, Snover, Snubbull, Squirtle, Staraptor, Staravia, Starly, Starmie, Staryu, Steelix, Steenee, Surskit, Swadloon, Swampert, Swinub, Talonflame, Tangrowth, Tentacool, Tentacruel, Togekiss, Togetic, Torchic, Torracat, Torterra, Toucannon, Toxicroak, Treecko, Tropius, Trumbeak, Tsareena, Turtwig, Vaporeon, Vespiquen, Vibrava, Vullaby, Vulpix, Wailmer, Wailord, Walrein, Wartortle, Whiscash, Wingull, Wormadam, Yanma, Yanmega, Zubat	its place today, in Maylene, is before Byron
Roar	kept	weak	1		55	0	75	Wake	defeating pi_carlos (scale 2.0)			
Rock Polish	kept	weak	1		34	0	75	Gardenia	defeating youngster_tyler (scale 2.0)			
Rock Slide	kept	utility	2		90	15	75	Galactic	MT_CORONET_2F (ball)			
Rock Tomb	kept	weak	1		98	0	60	Roark	defeating worker_colin (scale 2.0)			
Roost	kept	strong	1		35	7	125	HQ	GALACTIC_HQ_1F (ball, today ITEM_TM49)	Byron	Altaria, Beautifly, Charizard, Chatot, Crobat, Dartrix, Decidueye, Dustox, Emolga, Empoleon, Finneon, Fletchinder, Fletchling, Gligar, Gliscor, Golbat, Honchkrow, Hoothoot, Lumineon, Mantine, Mantyke, Masquerain, Mothim, Murkrow, Noctowl, Pelipper, Pikipek, Piplup, Prinplup, Rowlet, Scizor, Scyther, Staraptor, Staravia, Starly, Talonflame, Togekiss, Togetic, Toucannon, Tropius, Trumbeak, Vespiquen, Vibrava, Vullaby, Wingull, Yanma, Yanmega, Zubat	its place today, in Maylene, is before Byron
Scald	new	utility	2		48	10	80					no free place from that split
Secret Power	kept	utility	2		183	43	70	Fantina	AMITY_SQUARE (ball)			
Shadow Ball	kept	utility	2		85	22	80	Byron	ROUTE_210_NORTH (ball)			
Shadow Claw	kept	utility	2		42	4	70	Fantina	HEARTHOME_CITY_DP_GYM_LEADER_ROOM (gift)			
Shock Wave	kept	weak	1		71	0	60	Maylene	defeating breeder_albert (scale 2.0)			
Signal Beam	new	utility	2		64	14	75	Maylene	GAME_CORNER (gift, today ITEM_TM64)			
Silver Wind	kept	weak	1		24	0	60	Wake	defeating fisherman_kenneth (scale 3.0)			
Skitter Smack	new	utility	2		34	14	70	Maylene	VEILSTONE_CITY (gift, today ITEM_TM63)			
Sleep Talk	kept	weak	1		216	0	75	Gardenia	defeating lass_samantha (scale 2.0)			
Sludge Bomb	kept	strong	1		36	8	90	HQ	GALACTIC_HQ_B2F (ball)	Byron	Breloom, Budew, Carnivine, Corphish, Crawdaunt, Crobat, Drapion, Dustox, Gastly, Gengar, Gligar, Gliscor, Granbull, Haunter, Houndoom, Houndour, Marshtomp, Mudkip, Nidoqueen, Nidorina, Octillery, Quagsire, Roselia, Roserade, Salazzle, Shroomish, Skuntank, Snubbull, Swampert, Tangrowth, Vespiquen	
SolarBeam	kept	weak	1		71	0	60	Fantina	defeating cyclist_axel (scale 2.0)			
Spore	reliable-status group	strong	1		1	0	150			Byron	Breloom, Shroomish	no free place from that split
Stealth Rock	kept	utility	2	yes	55	0	0	Roark	OREBURGH_CITY_GYM (gift)			
Steel Wing	kept	utility	2		29	5	70	Maylene	ROUTE_209 (ball)			
StompingTantrum	new	utility	2		64	6	75					no free place from that split
Stone Edge	kept	strong	1		62	9	100	Barry	VICTORY_ROAD_2F (ball)	Byron	Magcargo, Onix	
Sucker Punch	new	utility	2		35	6	70					no free place from that split
Synthesis	new	utility	2		24	10	100					no free place from that split
Tailwind	new	strong	1		42	8	125			Byron	Altaria, Beautifly, Castform, Charizard, Chatot, Combee, Corviknight, Corvisquire, Crobat, Dartrix, Decidueye, Drifblim, Dustox, Emolga, Finneon, Fletchinder, Fletchling, Frosmoth, Gligar, Gliscor, Golbat, Honchkrow, Hoothoot, Hoppip, Jumpluff, Kleavor, Lumineon, Mantine, Mantyke, Masquerain, Mothim, Murkrow, Noctowl, Pelipper, Pikipek, Rookidee, Scizor, Scyther, Shiftry, Skiploom, Staraptor, Staravia, Starly, Talonflame, Togekiss, Togetic, Toucannon, Tropius, Trumbeak, Vespiquen, Vibrava, Vullaby, Wingull, Yanma, Yanmega, Zubat	no free place from that split
Taunt	kept	strong	1		81	12	150	Byron	ROUTE_211_EAST (gift, today ITEM_TM77)	Byron	Abra, Absol, Aipom, Alakazam, Ambipom, Armarouge, Bibarel, Bidoof, Buizel, Carvanha, Ceruledge, Chandelure, Chatot, Chimecho, Chingling, Cinderace, Corphish, Corviknight, Corvisquire, Crawdaunt, Crobat, Decidueye, Drapion, Electabuzz, Electivire, Elekid, Emolga, Flareon, Fletchinder, Fletchling, Floatzel, Floragato, Froakie, Frogadier, Froslass, Galarian Mr Mime, Gallade, Gardevoir, Gastly, Gengar, Glaceon, Glalie, Glameow, Gligar, Gliscor, Golbat, Golduck, Gothitelle, Granbull, Grapploct, Greninja, Hariyama, Haunter, Honchkrow, Houndoom, Houndour, Jynx, Kadabra, Kricketune, Leafeon, Liepard, Litten, Magmar, Magmortar, Mankey, Medicham, Meditite, Meowscarada, Mienfoo, Mienshao, Mightyena, Misdreavus, Mismagius, Mr Mime, Mr Rime, Murkrow, Nidoking, Nidoqueen, Nosepass, Onix, Poliwrath, Poochyena, Primeape, Psyduck, Purrloin, Purugly, Qwilfish, Raboot, Rookidee, Rotom, Salazzle, Scorbunny, Serperior, Servine, Sharpedo, Shiftry, Skuntank, Sneasel, Snivy, Snubbull, Steelix, Talonflame, Torracat, Toxicroak, Tsareena, Vaporeon, Vespiquen, Vullaby, Zubat	its place today, in Gardenia, is before Byron
Thunder	kept	strong	1		64	7	110	Byron	LAKE_VALOR (ball)	Byron	Charjabug, Pawmot	
Thunder Wave	reliable-status group	strong	1		63	0	75			Byron	Abra, Absol, Aipom, Alakazam, Ambipom, Ampharos, Bibarel, Bidoof, Buneary, Castform, Charjabug, Chimecho, Chinchou, Chingling, Cinccino, Clefable, Clefairy, Delcatty, Drifblim, Dubwool, Electabuzz, Electivire, Elekid, Emolga, Espeon, Flaaffy, Froslass, Galarian Mr Mime, Gallade, Galvantula, Gardevoir, Gengar, Girafarig, Gothitelle, Granbull, Grubbin, Honchkrow, Jolteon, Kadabra, Lanturn, Liepard, Lopunny, Luxio, Luxray, Mareep, Minun, Misdreavus, Mismagius, Mr Mime, Mr Rime, Murkrow, Nosepass, Octillery, Pachirisu, Pawmi, Pawmo, Pawmot, Pikachu, Plusle, Purrloin, Qwilfish, Raichu, Remoraid, Rotom, Salazzle, Shinx, Skitty, Snubbull, Starmie, Staryu, Togekiss, Togetic	no free place from that split
Thunderbolt	kept	strong	1		66	9	90	Byron	VALLEY_WINDWORKS_OUTSIDE (ball)	Byron	Absol, Aipom, Ambipom, Bibarel, Bidoof, Buneary, Castform, Charjabug, Cinccino, Clefable, Clefairy, Delcatty, Drifblim, Froslass, Furret, Galarian Mr Mime, Gallade, Gardevoir, Gastly, Gengar, Girafarig, Glameow, Gothitelle, Granbull, Grubbin, Haunter, Lopunny, Magmortar, Mankey, Misdreavus, Mismagius, Mr Mime, Mr Rime, Nidoking, Nidoqueen, Nidoran F, Nidoran M, Nidorina, Nidorino, Nosepass, Pawmot, Primeape, Purugly, Rhydon, Skitty, Snorlax, Snubbull, Starmie, Staryu	
Toxic	reliable-status group	strong	1		202	49	150			Byron	Abra, Absol, Aipom, Alakazam, Alolan Ninetales, Altaria, Ambipom, Ampharos, Araquanid, Azumarill, Barboach, Beautifly, Bibarel, Bidoof, Blastoise, Blaziken, Braixen, Breloom, Brionne, Budew, Buizel, Buneary, Carbink, Carnivine, Carvanha, Castform, Chandelure, Charizard, Charjabug, Charmander, Charmeleon, Chatot, Cherrim, Cherubi, Chimecho, Chinchou, Chingling, Cinccino, Clamperl, Clefable, Clefairy, Combusken, Corphish, Corsola, Crawdaunt, Crobat, Dartrix, Decidueye, Delcatty, Delphox, Dewgong, Donphan, Drapion, Drifblim, Dustox, Dwebble, Electabuzz, Electivire, Elekid, Emolga, Empoleon, Espeon, Fennekin, Feraligatr, Finneon, Flaaffy, Flareon, Fletchinder, Fletchling, Floatzel, Florges, Froakie, Frogadier, Froslass, Furret, Gabite, Gallade, Galvantula, Gardevoir, Gastly, Gengar, Girafarig, Glaceon, Glalie, Glameow, Gligar, Glimmet, Glimmora, Gliscor, Golbat, Goldeen, Golduck, Golem, Gorebyss, Gothitelle, Granbull, Graveler, Greninja, Grotle, Grovyle, Grubbin, Hariyama, Haunter, Heracross, Hippowdon, Honchkrow, Hoothoot, Hoppip, Houndoom, Houndour, Huntail, Jolteon, Jumpluff, Jynx, Kadabra, Kingdra, Kingler, Krabby, Kricketune, Lanturn, Leafeon, Leavanny, Liepard, Litten, Lombre, Lopunny, Lotad, Ludicolo, Lumineon, Luvdisc, Luxio, Luxray, Machamp, Machop, Magby, Magcargo, Magmar, Magmortar, Mamoswine, Manaphy, Mankey, Mantine, Mantyke, Mareep, Marill, Marshtomp, Masquerain, Medicham, Meditite, Mienfoo, Mienshao, Mightyena, Milotic, Minun, Misdreavus, Mismagius, Mothim, Mr Mime, Mudkip, Murkrow, Nidoking, Nidoqueen, Nidoran F, Nidoran M, Nidorina, Nidorino, Ninetales, Noctowl, Nosepass, Nuzleaf, Octillery, Onix, Pachirisu, Pelipper, Phanpy, Pikachu, Pikipek, Piloswine, Piplup, Plusle, Politoed, Poliwag, Poliwhirl, Poliwrath, Ponyta, Poochyena, Popplio, Primeape, Prinplup, Psyduck, Purrloin, Purugly, Quagsire, Qwilfish, Raichu, Rapidash, Remoraid, Rhydon, Roselia, Roserade, Rotom, Rowlet, Salazzle, Sceptile, Scizor, Scyther, Seadra, Seaking, Seedot, Serperior, Servine, Sewaddle, Sharpedo, Shellos, Shiftry, Shinx, Shroomish, Skiploom, Skitty, Skuntank, Smoochum, Sneasel, Snivy, Snorlax, Snorunt, Snover, Snubbull, Squirtle, Staraptor, Staravia, Starly, Starmie, Staryu, Steelix, Steenee, Surskit, Swadloon, Swampert, Swinub, Talonflame, Tangrowth, Tentacool, Tentacruel, Togekiss, Togetic, Torchic, Torracat, Torterra, Toucannon, Toxicroak, Treecko, Tropius, Trumbeak, Tsareena, Turtwig, Vaporeon, Vespiquen, Vibrava, Vullaby, Vulpix, Wailmer, Wailord, Walrein, Wartortle, Whiscash, Wingull, Wormadam, Yanma, Yanmega, Zubat	its place today, in Wake, is before Byron; no free place from that split
Trick Room	kept	utility	2		35	9	100	Wake	GRAND_LAKE_ROUTE_213_NORTHWEST_HOUSE (gift)			
U-turn	kept	utility	2	yes	48	6	70	Byron	CANALAVE_CITY (ball)			
Water Pulse	kept	weak	1		80	0	60	Byron	defeating black_belt_adam (scale 2.0)			
Wild Charge	new	utility	2		25	8	76					no free place from that split
Will-O-Wisp	reliable-status group	strong	1		38	6	125			Byron	Absol, Altaria, Armarouge, Blaziken, Braixen, Ceruledge, Chandelure, Charizard, Charmander, Charmeleon, Cinderace, Combusken, Delphox, Drifblim, Fennekin, Flareon, Fletchinder, Fletchling, Froslass, Gallade, Gardevoir, Gastly, Gengar, Haunter, Houndoom, Houndour, Litten, Magby, Magcargo, Magmar, Magmortar, Misdreavus, Mismagius, Ninetales, Polteageist, Ponyta, Rapidash, Rotom, Salazzle, Shiftry, Talonflame, Torchic, Torracat, Vulpix	no free place from that split
X-Scissor	kept	utility	2		30	4	80	Byron	ROUTE_221 (ball)			
Yawn	reliable-status group	strong	1		15	2	100			Byron	Bibarel, Bidoof, Chimecho, Chingling, Flareon, Golduck, Hippowdon, Jolteon, Kingdra, Magcargo, Mightyena, Poochyena, Psyduck, Quagsire, Shellos, Snorlax, Togekiss, Togetic, Vaporeon	no free place from that split
Zen Headbutt	new	utility	2		60	12	80	Wake	VALOR_LAKEFRONT (ball, today ITEM_TM85)			
Venoshock	below the line	utility			24	5	65					
Toxic Spikes	below the line	strong			22	5	125					
Ice Spinner	below the line	utility			22	5	80					
Alluring Voice	below the line	utility			21	5	80					
Brave Bird	below the line	strong			18	5	102					
Body Press	below the line	utility			53	4	80					
Aqua Tail	below the line	strong			45	4	90					
Hurricane	below the line	strong			29	4	110					
Gunk Shot	below the line	strong			28	4	120					
Ice Fang	below the line	strong			24	4	90					
Bug Buzz	below the line	strong			19	4	90					
Leech Seed	below the line	utility			17	4	100					
Aurora Beam	below the line	utility			14	4	65					
Wish	below the line	utility			10	4	100					
Mega Kick	below the line	strong			60	3	120					
