map	item	how	x	z	map_split	needs	split
AMITY_SQUARE	ITEM_SPOOKY_PLATE	ball	45	42	Fantina	more	Fantina
ETERNA_CITY	ITEM_SUPER_POTION	hidden	285	520	Gardenia	more	Gardenia
ETERNA_CITY	ITEM_GREAT_BALL	hidden	355	521	Gardenia	more	Gardenia
ETERNA_CITY	ITEM_MOON_STONE	hidden	347	517	Gardenia	Surf	Byron
LAKE_ACUITY	ITEM_TM14	ball	38	8	Candice	Surf	Candice
LAKE_ACUITY_LOW_WATER	ITEM_TM14	ball	38	8	Candice	more	Candice
LAKE_VALOR	ITEM_TM25	ball	53	46	Byron	Surf	Byron
LAKE_VALOR_DRAINED	ITEM_TM25	ball	53	46	Byron	more	Byron
LAKE_VERITY	ITEM_TM38	ball	25	54	Roark	Surf	Byron
LAKE_VERITY_LOW_WATER	ITEM_TM38	ball	25	54	Roark	more	Roark
MT_CORONET_1F_SOUTH	ITEM_PROTEIN	ball	13	9	Fantina	Surf	Byron
MT_CORONET_1F_SOUTH	ITEM_DAWN_STONE	ball	28	28	Fantina	Surf	Byron
MT_CORONET_1F_TUNNEL_ROOM	ITEM_GREEN_SHARD	hidden	6	23	Galactic	more	Galactic
MT_CORONET_1F_TUNNEL_ROOM	ITEM_RARE_CANDY	hidden	24	38	Galactic	more	Galactic
MT_CORONET_1F_TUNNEL_ROOM	ITEM_GREEN_SHARD	hidden	20	58	Galactic	more	Galactic
MT_CORONET_B1F	ITEM_LIGHT_CLAY	ball	22	36	Candice	Surf	Candice
MT_CORONET_OUTSIDE_NORTH	ITEM_STAR_PIECE	hidden	44	47	Galactic	more	Galactic
MT_CORONET_OUTSIDE_SOUTH	ITEM_STAR_PIECE	hidden	44	10	Galactic	more	Galactic
MT_CORONET_OUTSIDE_SOUTH	ITEM_ENERGY_ROOT	hidden	34	13	Galactic	more	Galactic
OLD_CHATEAU_BACK_MIDDLE_EAST_ROOM	ITEM_TM90	ball	20	4	Fantina	more	Fantina
OLD_CHATEAU_BACK_MIDDLE_WEST_ROOM	ITEM_DREAD_PLATE	ball	3	4	Fantina	more	Fantina
OREBURGH_GATE_B1F	ITEM_TM01	ball	8	9	Gardenia	Surf	Byron
OREBURGH_GATE_B1F	ITEM_EARTH_PLATE	ball	7	21	Gardenia	Surf	Byron
OREBURGH_GATE_B1F	ITEM_TM31	ball	23	10	Gardenia	Surf	Byron
OREBURGH_GATE_B1F	ITEM_TM70	ball	57	12	Gardenia	more	Gardenia
PASTORIA_CITY	ITEM_MYSTIC_WATER	ball	625	829	Wake	Surf	Byron
RAVAGED_PATH	ITEM_LUCK_INCENSE	ball	17	11	Roark	Surf	Byron
RAVAGED_PATH	ITEM_TM03	ball	28	5	Roark	Surf	Byron
RESORT_AREA	ITEM_NUGGET	ball	815	462	Galactic	Surf	Galactic
ROUTE_202	ITEM_STARDUST	hidden	168	795	Roark	more	Roark
ROUTE_204_SOUTH	ITEM_SEA_INCENSE	ball	162	732	Roark	Surf	Byron
ROUTE_204_SOUTH	ITEM_HP_UP	ball	189	716	Roark	Surf	Byron
ROUTE_207	ITEM_IRON	ball	335	725	Roark	more	Roark
ROUTE_208	ITEM_CARBOS	ball	401	705	Fantina	more	Fantina
ROUTE_208	ITEM_STAR_PIECE	hidden	389	717	Fantina	more	Fantina
ROUTE_209	ITEM_TM19	ball	568	726	Maylene	Surf	Byron
ROUTE_210_NORTH	ITEM_ZINC	ball	562	526	Byron	more	Byron
ROUTE_211_EAST	ITEM_TM29	ball	424	514	Byron	more	Byron
ROUTE_211_EAST	ITEM_CALCIUM	hidden	431	514	Byron	more	Byron
ROUTE_212_NORTH	ITEM_ROSE_INCENSE	ball	456	791	Wake	Surf	Byron
ROUTE_212_NORTH	ITEM_IRON	ball	461	766	Wake	Surf	Byron
ROUTE_212_SOUTH	ITEM_TM84	ball	475	852	Wake	Surf	Byron
ROUTE_212_SOUTH	ITEM_MAX_ETHER	hidden	493	858	Wake	Surf	Byron
ROUTE_213	ITEM_MAX_REVIVE	ball	686	851	Wake	Surf	Byron
ROUTE_213	ITEM_WATER_STONE	ball	726	837	Wake	Surf	Byron
ROUTE_213	ITEM_TM05	ball	689	826	Wake	more	Wake
ROUTE_213	ITEM_PROTEIN	ball	717	813	Wake	more	Wake
ROUTE_213	ITEM_HP_UP	hidden	691	819	Wake	more	Wake
ROUTE_213	ITEM_BIG_PEARL	hidden	722	856	Wake	Surf	Byron
ROUTE_213	ITEM_BIG_PEARL	hidden	683	856	Wake	Surf	Byron
ROUTE_214	ITEM_RARE_CANDY	ball	731	648	Wake	Surf	Byron
ROUTE_216	ITEM_TM13	ball	377	392	Candice	more	Candice
ROUTE_216	ITEM_MENTAL_HERB	ball	358	389	Candice	more	Candice
ROUTE_216	ITEM_HP_UP	ball	367	386	Candice	more	Candice
ROUTE_216	ITEM_MAX_POTION	ball	369	397	Candice	more	Candice
ROUTE_218	ITEM_RARE_CANDY	ball	117	744	Byron	Surf	Byron
ROUTE_218	ITEM_HYPER_POTION	ball	93	759	Byron	Surf	Byron
ROUTE_219	ITEM_ZINC	hidden	175	889	Roark	Surf	Byron
ROUTE_220	ITEM_CARBOS	ball	199	917	Byron	Surf	Byron
ROUTE_220	ITEM_SPLASH_PLATE	ball	171	918	Byron	Surf	Byron
ROUTE_220	ITEM_MAX_REPEL	ball	180	910	Byron	Surf	Byron
ROUTE_220	ITEM_BIG_PEARL	hidden	181	922	Byron	Surf	Byron
ROUTE_220	ITEM_ZINC	hidden	175	889	Byron	more	Byron
ROUTE_221	ITEM_PROTEIN	ball	239	908	Byron	Surf	Byron
ROUTE_222	ITEM_PP_UP	hidden	730	773	Volkner	more	Volkner
ROUTE_222	ITEM_BIG_MUSHROOM	hidden	819	789	Volkner	Surf	Volkner
ROUTE_223	ITEM_TM18	ball	840	684	Barry	Surf	Barry
ROUTE_223	ITEM_ULTRA_BALL	ball	850	649	Barry	Surf	Barry
ROUTE_223	ITEM_DIVE_BALL	ball	842	636	Barry	Surf	Barry
ROUTE_223	ITEM_RARE_CANDY	ball	858	630	Barry	Surf	Barry
ROUTE_223	ITEM_HEART_SCALE	hidden	849	727	Barry	Surf	Barry
ROUTE_223	ITEM_HEART_SCALE	hidden	842	656	Barry	Surf	Barry
ROUTE_224	ITEM_RAZOR_CLAW	ball	884	570	Post	Surf	Post
ROUTE_224	ITEM_REPEAT_BALL	ball	923	503	Post	Surf	Post
ROUTE_224	ITEM_PP_MAX	ball	904	524	Post	Surf	Post
ROUTE_224	ITEM_ULTRA_BALL	ball	914	509	Post	Surf	Post
ROUTE_225	ITEM_RAZOR_FANG	ball	611	410	Galactic	more	Galactic
ROUTE_225	ITEM_DUBIOUS_DISC	ball	610	350	Galactic	Surf	Galactic
ROUTE_226	ITEM_TM53	ball	717	339	Galactic	more	Galactic
ROUTE_226	ITEM_CARBOS	ball	690	344	Galactic	more	Galactic
ROUTE_226	ITEM_LAGGING_TAIL	ball	693	333	Galactic	more	Galactic
ROUTE_226	ITEM_HEART_SCALE	hidden	715	345	Galactic	Surf	Galactic
ROUTE_226	ITEM_TINYMUSHROOM	hidden	719	333	Galactic	more	Galactic
ROUTE_226	ITEM_BIG_MUSHROOM	hidden	724	334	Galactic	more	Galactic
ROUTE_226	ITEM_PP_MAX	hidden	723	331	Galactic	more	Galactic
ROUTE_226	ITEM_RARE_CANDY	hidden	744	326	Galactic	Surf	Galactic
ROUTE_227	ITEM_RARE_CANDY	hidden	744	326	Galactic	more	Galactic
ROUTE_230	ITEM_RARE_CANDY	ball	727	427	Galactic	Surf	Galactic
ROUTE_230	ITEM_BLUE_SHARD	ball	708	431	Galactic	Surf	Galactic
ROUTE_230	ITEM_ULTRA_BALL	hidden	718	419	Galactic	Surf	Galactic
SOLACEON_TOWN	ITEM_PP_UP	ball	584	662	Maylene	more	Maylene
STARK_MOUNTAIN_OUTSIDE	ITEM_LIFE_ORB	ball	740	248	Galactic	more	Galactic
STARK_MOUNTAIN_ROOM_2	ITEM_MAX_ELIXIR	ball	69	55	Galactic	more	Galactic
STARK_MOUNTAIN_ROOM_2	ITEM_NUGGET	ball	92	3	Galactic	more	Galactic
STARK_MOUNTAIN_ROOM_2	ITEM_ULTRA_BALL	ball	38	44	Galactic	more	Galactic
STARK_MOUNTAIN_ROOM_2	ITEM_ULTRA_BALL	hidden	18	73	Galactic	more	Galactic
TWINLEAF_TOWN	ITEM_ODD_KEYSTONE	hidden	107	893	Roark	Surf	Byron
VALLEY_WINDWORKS_OUTSIDE	ITEM_TM24	ball	242	644	Gardenia	Surf	Byron
VALLEY_WINDWORKS_OUTSIDE	ITEM_ELECTIRIZER	ball	232	649	Gardenia	Surf	Byron
VALLEY_WINDWORKS_OUTSIDE	ITEM_MAX_ELIXIR	hidden	236	651	Gardenia	Surf	Byron
VALOR_LAKEFRONT	ITEM_TM85	ball	712	783	Wake	more	Wake
VALOR_LAKEFRONT	ITEM_IRON	ball	712	780	Wake	more	Wake
VALOR_LAKEFRONT	ITEM_SUN_STONE	hidden	720	794	Wake	more	Wake
VALOR_LAKEFRONT	ITEM_MAX_REVIVE	hidden	692	801	Wake	more	Wake
VEILSTONE_CITY	ITEM_FULL_INCENSE	ball	690	613	Maylene	more	Maylene
VICTORY_ROAD_1F_ROOM_2	ITEM_LEFTOVERS	ball	27	60	Post	Surf	Post
VICTORY_ROAD_1F_ROOM_2	ITEM_ULTRA_BALL	hidden	24	46	Post	Surf	Post
VICTORY_ROAD_2F	ITEM_MAX_ELIXIR	ball	4	5	Barry	more	Barry
VICTORY_ROAD_2F	ITEM_FULL_RESTORE	ball	34	22	Barry	more	Barry
VICTORY_ROAD_2F	ITEM_TM71	ball	43	12	Barry	more	Barry
VICTORY_ROAD_B1F	ITEM_TM59	ball	13	18	Barry	more	Barry
VICTORY_ROAD_B1F	ITEM_ULTRA_BALL	ball	33	16	Barry	Surf	Barry
VICTORY_ROAD_B1F	ITEM_CALCIUM	ball	35	39	Barry	Surf	Barry
VICTORY_ROAD_B1F	ITEM_HEART_SCALE	hidden	24	35	Barry	Surf	Barry
WAYWARD_CAVE_B1F	ITEM_GRIP_CLAW	ball	22	9	Fantina	more	Fantina
WAYWARD_CAVE_B1F	ITEM_MAX_ETHER	ball	31	16	Fantina	more	Fantina
WAYWARD_CAVE_B1F	ITEM_RARE_CANDY	ball	33	8	Fantina	more	Fantina
WAYWARD_CAVE_B1F	ITEM_STARDUST	hidden	3	10	Fantina	more	Fantina
