# Every trainer the census places, with its role: written by tools/oxide/balance/rewards.py.
split	trainer_id	trainer	map	object	required	role	section	reward	copies	size	reading	flag	note
Roark	TRAINER_YOUNGSTER_TRISTAN	Youngster Tristan	MAP_HEADER_ROUTE_202	LOCALID_YOUNGSTER_TRISTAN	yes	none				1	2.3		required
Roark	TRAINER_YOUNGSTER_LOGAN	Youngster Logan	MAP_HEADER_ROUTE_202	LOCALID_YOUNGSTER_LOGAN	yes	none				1	2.3		required
Roark	TRAINER_LASS_NATALIE	Lass Natalie	MAP_HEADER_ROUTE_202	LOCALID_LASS_NATALIE	yes	none				1	2.3		required
Roark	TRAINER_YOUNGSTER_MICHAEL	Youngster Michael	MAP_HEADER_ROUTE_203	LOCALID_YOUNGSTER_MICHAEL	no	none				2	2.3		avoidable
Roark	TRAINER_WORKER_COLIN	Worker Colin	MAP_HEADER_OREBURGH_MINE_B2F	LOCALID_WORKER_COLIN	no	none				2	2.3		avoidable
Roark	TRAINER_WORKER_MASON	Worker Mason	MAP_HEADER_OREBURGH_MINE_B2F	LOCALID_WORKER_MASON	no	none				1	2.3		avoidable
Roark	TRAINER_YOUNGSTER_JONATHON	Youngster Jonathon	MAP_HEADER_OREBURGH_CITY_GYM	LOCALID_YOUNGSTER_JONATHON	no	none				1	2.3		avoidable
Roark	TRAINER_YOUNGSTER_DARIUS	Youngster Darius	MAP_HEADER_OREBURGH_CITY_GYM	LOCALID_YOUNGSTER_DARIUS	no	none				2	2.5		avoidable
Roark	TRAINER_CAMPER_CURTIS	Camper Curtis	MAP_HEADER_OREBURGH_GATE_1F	LOCALID_CAMPER_CURTIS	no	none				2	2.3		avoidable
Roark	TRAINER_LASS_MADELINE	Lass Madeline	MAP_HEADER_ROUTE_203	LOCALID_LASS_MADELINE	no	none				1	2.3		avoidable
Roark	TRAINER_LASS_KAITLIN	Lass Kaitlin	MAP_HEADER_ROUTE_203	LOCALID_LASS_KAITLIN	no	none				4	2.3		avoidable
Roark	TRAINER_PICNICKER_DIANA	Picnicker Diana	MAP_HEADER_OREBURGH_GATE_1F	LOCALID_PICNICKER_DIANA	no	none				1	2.3		avoidable
Roark	TRAINER_SCHOOL_KID_HARRISON	School Kid Harrison			no	none				1	2.3		not on a crossing
Roark	TRAINER_SCHOOL_KID_CHRISTINE	School Kid Christine			no	none				1	2.3		not on a crossing
Roark	TRAINER_YOUNGSTER_DALLAS	Youngster Dallas	MAP_HEADER_ROUTE_203	LOCALID_YOUNGSTER_DALLAS	no	none				1	2.3		avoidable
Roark	TRAINER_YOUNGSTER_SEBASTIAN	Youngster Sebastian	MAP_HEADER_ROUTE_203	LOCALID_YOUNGSTER_SEBASTIAN	no	none				1	2.3		avoidable
Roark	TRAINER_GALACTIC_GRUNT_JUBILIFE_CITY_1	Galactic Grunt			no	none				1	2.3		not on a crossing
Roark	TRAINER_GALACTIC_GRUNT_JUBILIFE_CITY_2	Galactic Grunt			no	none				1	2.3		not on a crossing
Gardenia	TRAINER_YOUNGSTER_TYLER	Youngster Tyler	MAP_HEADER_ROUTE_204_SOUTH	LOCALID_YOUNGSTER_TYLER	no	none				1	2.3		avoidable
Gardenia	TRAINER_LASS_SAMANTHA	Lass Samantha	MAP_HEADER_ROUTE_204_SOUTH	LOCALID_LASS_SAMANTHA	no	none				1	2.3		avoidable
Gardenia	TRAINER_LASS_SARAH	Lass Sarah	MAP_HEADER_ROUTE_204_SOUTH	LOCALID_LASS_SARAH	yes	none				1	2.3		required
Gardenia	TRAINER_BUG_CATCHER_BRANDON	Bug Catcher Brandon	MAP_HEADER_ROUTE_204_NORTH	LOCALID_BUG_CATCHER_BRANDON	no	none				2	2.3		avoidable
Gardenia	TRAINER_AROMA_LADY_TAYLOR	Aroma Lady Taylor	MAP_HEADER_ROUTE_204_NORTH	LOCALID_AROMA_LADY_TAYLOR	yes	none				2	2.3		required
Gardenia	TRAINER_TWINS_LIV_AND_LIZ	Twins Liv & Liz	MAP_HEADER_ROUTE_204_NORTH	LOCALID_TWIN_LIV	no	none				2	2.3		avoidable
Gardenia	TRAINER_CAMPER_JACOB	Camper Jacob	MAP_HEADER_ROUTE_205_SOUTH	LOCALID_CAMPER_JACOB	no	none				1	2.3		avoidable
Gardenia	TRAINER_PICNICKER_SIENA	Picnicker Siena	MAP_HEADER_ROUTE_205_SOUTH	LOCALID_PICNICKER_SIENA	no	none				2	2.3		avoidable
Gardenia	TRAINER_HIKER_DANIEL	Hiker Daniel	MAP_HEADER_ROUTE_205_SOUTH	LOCALID_HIKER_DANIEL	no	none				3	2.3		avoidable
Gardenia	TRAINER_HIKER_NICHOLAS	Hiker Nicholas	MAP_HEADER_ROUTE_205_SOUTH	LOCALID_HIKER_NICHOLAS	no	none				1	2.3		avoidable
Gardenia	TRAINER_BATTLE_GIRL_KELSEY	Battle Girl Kelsey	MAP_HEADER_ROUTE_205_SOUTH	LOCALID_BATTLE_GIRL_KELSEY	no	none				1	2.3		avoidable
Gardenia	TRAINER_AROMA_LADY_ELIZABETH	Aroma Lady Elizabeth	MAP_HEADER_ROUTE_205_SOUTH	LOCALID_AROMA_LADY_ELIZABETH	no	none				1	2.3		avoidable
Gardenia	TRAINER_FISHERMAN_ANDREW	Fisherman Andrew	MAP_HEADER_ROUTE_205_NORTH	LOCALID_FISHERMAN_ANDREW	no	none				6	2.3		avoidable
Gardenia	TRAINER_FISHERMAN_JOSEPH	Fisherman Joseph	MAP_HEADER_ROUTE_205_NORTH	LOCALID_FISHERMAN_JOSEPH	no	reward		ITEM_TM88	1	1	2.3	spare	avoidable
Gardenia	TRAINER_FISHERMAN_ZACHARY	Fisherman Zachary	MAP_HEADER_ROUTE_205_NORTH	LOCALID_FISHERMAN_ZACHARY	no	reward		ITEM_TM66	1	3	2.3	spare	avoidable
Gardenia	TRAINER_BIRD_KEEPER_ALEXANDRA	Bird Keeper Alexandra	MAP_HEADER_ROUTE_211_WEST	LOCALID_BIRD_KEEPER_ALEXANDRA	no	reward		ITEM_CELL_BATTERY	1	2	2.3	spare	off the story path
Gardenia	TRAINER_NINJA_BOY_ZACH	Ninja Boy Zach	MAP_HEADER_ROUTE_211_WEST	LOCALID_NINJA_BOY_ZACH	no	none				3	2.3		off the story path
Gardenia	TRAINER_BUG_CATCHER_JACK	Bug Catcher Jack	MAP_HEADER_ETERNA_FOREST	LOCALID_BUG_CATCHER_JACK	yes	none				3	2.3		required
Gardenia	TRAINER_BUG_CATCHER_PHILLIP	Bug Catcher Phillip	MAP_HEADER_ETERNA_FOREST	LOCALID_BUG_CATCHER_PHILLIP	no	reward		ITEM_ABSORB_BULB	1	3	2.3	spare	avoidable
Gardenia	TRAINER_BUG_CATCHER_DONALD	Bug Catcher Donald	MAP_HEADER_ETERNA_FOREST	LOCALID_BUG_CATCHER_DONALD	no	reward		ITEM_EVIOLITE	1	2	2.3	spare	avoidable
Gardenia	TRAINER_LASS_BRIANA	Lass Briana	MAP_HEADER_ETERNA_FOREST	LOCALID_LASS_BRIANA	yes	none				1	2.3		required
Gardenia	TRAINER_PSYCHIC_ELIJAH	Psychic Elijah	MAP_HEADER_ETERNA_FOREST	LOCALID_PSYCHIC_ELIJAH	yes	none				1	2.3		required
Gardenia	TRAINER_PSYCHIC_LINDSEY	Psychic Lindsey	MAP_HEADER_ETERNA_FOREST	LOCALID_PSYCHIC_LINDSEY	yes	none				1	2.3		required
Gardenia	TRAINER_AROMA_LADY_JENNA	Aroma Lady Jenna			no	none				3	2.4		not on a crossing
Gardenia	TRAINER_AROMA_LADY_ANGELA	Aroma Lady Angela			no	none				1	2.3		not on a crossing
Gardenia	TRAINER_GALACTIC_GRUNT_FLOAROMA_MEADOW_1	Galactic Grunt			no	none				1	2.3		not on a crossing
Gardenia	TRAINER_GALACTIC_GRUNT_FLOAROMA_MEADOW_2	Galactic Grunt			no	none				2	2.3		not on a crossing
Gardenia	TRAINER_GALACTIC_GRUNT_VALLEY_WINDWORKS_2	Galactic Grunt	MAP_HEADER_VALLEY_WINDWORKS_BUILDING	LOCALID_GALACTIC_GRUNT_2	yes	none				1	2.3		required
Gardenia	TRAINER_GALACTIC_GRUNT_VALLEY_WINDWORKS_3	Galactic Officer Somnu	MAP_HEADER_VALLEY_WINDWORKS_BUILDING	LOCALID_GALACTIC_GRUNT_3	yes	none				4	2.3		required
Gardenia	TRAINER_LASS_CAROLINE	Lass Caroline			no	none				2	2.4		not on a crossing
Gardenia	TRAINER_HIKER_LOUIS	Hiker Louis	MAP_HEADER_ROUTE_211_WEST	LOCALID_HIKER_LOUIS	no	reward		ITEM_TM62	1	2	2.3	spare	off the story path
Gardenia	TRAINER_BEAUTY_LINDSAY	Beauty Lindsay			no	none				1	2.3		not on a crossing
Gardenia	TRAINER_CAMPER_ZACKARY	Camper Zackary	MAP_HEADER_ROUTE_205_SOUTH	LOCALID_CAMPER_ZACKARY	no	reward		ITEM_TM57	1	1	2.3	spare	avoidable
Gardenia	TRAINER_PSYCHIC_KODY	Psychic Kody	MAP_HEADER_ETERNA_FOREST	LOCALID_PSYCHIC_KODY	no	none				1	2.3		avoidable
Gardenia	TRAINER_PSYCHIC_RACHAEL	Psychic Rachael	MAP_HEADER_ETERNA_FOREST	LOCALID_PSYCHIC_RACHAEL	no	none				1	2.3		avoidable
Gardenia	TRAINER_PICNICKER_KARINA	Picnicker Karina	MAP_HEADER_ROUTE_205_SOUTH	LOCALID_PICNICKER_KARINA	no	reward		ITEM_TM40	1	1	2.3	spare	avoidable
Gardenia	TRAINER_GALACTIC_GRUNT_VALLEY_WINDWORKS_1	Galactic Grunt			no	none				1	2.3		not on a crossing
Fantina	TRAINER_CYCLIST_AXEL	Cyclist Axel	MAP_HEADER_ROUTE_206	LOCALID_CYCLIST_AXEL	no	none				1	2.3		avoidable
Fantina	TRAINER_CYCLIST_JAMES	Cyclist James	MAP_HEADER_ROUTE_206	LOCALID_CYCLIST_JAMES	no	none				1	2.3		avoidable
Fantina	TRAINER_CYCLIST_JOHN	Cyclist John	MAP_HEADER_ROUTE_206	LOCALID_CYCLIST_JOHN	no	none				2	2.3		avoidable
Fantina	TRAINER_CYCLIST_RYAN	Cyclist Ryan	MAP_HEADER_ROUTE_206	LOCALID_CYCLIST_RYAN	no	none				1	2.3		avoidable
Fantina	TRAINER_CYCLIST_MEGAN	Cyclist Megan	MAP_HEADER_ROUTE_206	LOCALID_CYCLIST_MEGAN	no	none				1	2.3		avoidable
Fantina	TRAINER_CYCLIST_NICOLE	Cyclist Nicole	MAP_HEADER_ROUTE_206	LOCALID_CYCLIST_NICOLE	no	none				3	2.3		avoidable
Fantina	TRAINER_CYCLIST_KAYLA	Cyclist Kayla	MAP_HEADER_ROUTE_206	LOCALID_CYCLIST_KAYLA	no	reward		ITEM_BINDING_BAND	1	1	2.3	spare	avoidable
Fantina	TRAINER_CYCLIST_RACHEL	Cyclist Rachel	MAP_HEADER_ROUTE_206	LOCALID_CYCLIST_RACHEL	no	none				2	2.3		avoidable
Fantina	TRAINER_YOUNGSTER_AUSTIN	Youngster Austin	MAP_HEADER_ROUTE_207	LOCALID_YOUNGSTER_AUSTIN	no	none				3	2.3		avoidable
Fantina	TRAINER_CAMPER_ANTHONY	Camper Anthony	MAP_HEADER_ROUTE_207	LOCALID_CAMPER_ANTHONY	no	reward		ITEM_FAIRY_FEATHER	1	1	2.3	spare	avoidable
Fantina	TRAINER_PICNICKER_LAUREN	Picnicker Lauren	MAP_HEADER_ROUTE_207	LOCALID_PICNICKER_LAUREN	no	reward		ITEM_LOADED_DICE	1	1	2.3	spare	avoidable
Fantina	TRAINER_HIKER_KEVIN	Hiker Kevin	MAP_HEADER_ROUTE_207	LOCALID_HIKER_KEVIN	no	none				4	2.5		avoidable
Fantina	TRAINER_HIKER_JUSTIN	Hiker Justin	MAP_HEADER_ROUTE_207	LOCALID_HIKER_JUSTIN	yes	none				2	2.3		required
Fantina	TRAINER_BATTLE_GIRL_HELEN	Battle Girl Helen	MAP_HEADER_ROUTE_207	LOCALID_BATTLE_GIRL_HELEN	no	none				2	2.3		avoidable
Fantina	TRAINER_HIKER_ROBERT	Hiker Robert	MAP_HEADER_ROUTE_208	LOCALID_HIKER_ROBERT	yes	none				1	2.3		required
Fantina	TRAINER_HIKER_JONATHAN	Hiker Jonathan	MAP_HEADER_ROUTE_208	LOCALID_HIKER_JONATHAN	yes	none				1	2.3		required
Fantina	TRAINER_BLACK_BELT_KYLE	Black Belt Kyle	MAP_HEADER_ROUTE_208	LOCALID_BLACK_BELT_KYLE	no	reward		ITEM_ROCKY_HELMET	1	1	2.3	spare	avoidable
Fantina	TRAINER_AROMA_LADY_HANNAH	Aroma Lady Hannah	MAP_HEADER_ROUTE_208	LOCALID_AROMA_LADY_HANNAH	no	none				2	2.4		avoidable
Fantina	TRAINER_ARTIST_WILLIAM	Artist William	MAP_HEADER_ROUTE_208	LOCALID_ARTIST_WILLIAM	no	reward		ITEM_AIR_BALLOON	1	2	2.3	spare	avoidable
Fantina	TRAINER_CAMPER_DREW	Camper Drew	MAP_HEADER_HEARTHOME_CITY_DP_GYM_TRAINER_ROOM_1	LOCALID_CAMPER_DREW	no	none				3	2.3		gym with moving parts
Fantina	TRAINER_ACE_TRAINER_ALLEN	Ace Trainer Allen	MAP_HEADER_HEARTHOME_CITY_GYM_TRAINER_ROOM_2	LOCALID_ACE_TRAINER_ALLEN	no	none				3	2.7		gym with moving parts
Fantina	TRAINER_ACE_TRAINER_CATHERINE	Ace Trainer Catherine	MAP_HEADER_HEARTHOME_CITY_GYM_TRAINER_ROOM_2	LOCALID_ACE_TRAINER_CATHERINE	no	none				2	2.3		gym with moving parts
Fantina	TRAINER_LASS_MOLLY	Lass Molly	MAP_HEADER_HEARTHOME_CITY_GYM_TRAINER_ROOM_1	LOCALID_LASS_MOLLY	no	none				1	2.3		gym with moving parts
Fantina	TRAINER_PICNICKER_CHEYENNE	Picnicker Cheyenne	MAP_HEADER_HEARTHOME_CITY_DP_GYM_TRAINER_ROOM_2	LOCALID_PICNICKER_CHEYENNE	no	none				2	2.3		gym with moving parts
Fantina	TRAINER_SCHOOL_KID_CHANCE	School Kid Chance	MAP_HEADER_HEARTHOME_CITY_GYM_TRAINER_ROOM_2	LOCALID_SCHOOL_KID_CHANCE	no	none				1	2.3		gym with moving parts
Fantina	TRAINER_SCHOOL_KID_MACKENZIE	School Kid Mackenzie	MAP_HEADER_HEARTHOME_CITY_GYM_TRAINER_ROOM_2	LOCALID_SCHOOL_KID_MACKENZIE	no	none				2	2.3		gym with moving parts
Fantina	TRAINER_YOUNGSTER_DONNY	Youngster Donny	MAP_HEADER_HEARTHOME_CITY_GYM_TRAINER_ROOM_1	LOCALID_YOUNGSTER_DONNY	no	none				2	2.3		gym with moving parts
Fantina	TRAINER_CAMPER_DIEGO	Camper Diego	MAP_HEADER_WAYWARD_CAVE_1F	LOCALID_CAMPER_DIEGO	no	none				1	2.3		multi-floor dungeon
Fantina	TRAINER_CAMPER_PARKER	Camper Parker	MAP_HEADER_WAYWARD_CAVE_1F	LOCALID_CAMPER_PARKER	no	none				2	2.3		multi-floor dungeon
Fantina	TRAINER_COLLECTOR_TERRY	Collector Terry	MAP_HEADER_WAYWARD_CAVE_1F	LOCALID_COLLECTOR_TERRY	no	none				1	2.3		multi-floor dungeon
Fantina	TRAINER_GALACTIC_GRUNT_TEAM_GALACTIC_ETERNA_BUILDING_1F_1	Galactic Grunt	MAP_HEADER_TEAM_GALACTIC_ETERNA_BUILDING_1F	LOCALID_GALACTIC_GRUNT_1	no	gauntlet	galactic_eterna: 1F and 2F			2	2.3		avoidable
Fantina	TRAINER_GALACTIC_GRUNT_TEAM_GALACTIC_ETERNA_BUILDING_2F_1	Galactic Grunt	MAP_HEADER_TEAM_GALACTIC_ETERNA_BUILDING_2F	LOCALID_GALACTIC_GRUNT_1	no	gauntlet	galactic_eterna: 1F and 2F			1	2.3		avoidable
Fantina	TRAINER_GALACTIC_GRUNT_TEAM_GALACTIC_ETERNA_BUILDING_1F_2	Galactic Grunt	MAP_HEADER_TEAM_GALACTIC_ETERNA_BUILDING_1F	LOCALID_GALACTIC_GRUNT_2	no	gauntlet	galactic_eterna: 1F and 2F			2	2.3		avoidable
Fantina	TRAINER_GALACTIC_GRUNT_TEAM_GALACTIC_ETERNA_BUILDING_2F_2	Galactic Grunt	MAP_HEADER_TEAM_GALACTIC_ETERNA_BUILDING_2F	LOCALID_GALACTIC_GRUNT_2	no	gauntlet	galactic_eterna: 1F and 2F			1	2.3		avoidable
Fantina	TRAINER_GALACTIC_GRUNT_TEAM_GALACTIC_ETERNA_BUILDING_3F	Galactic Officer Moira	MAP_HEADER_TEAM_GALACTIC_ETERNA_BUILDING_3F	LOCALID_GALACTIC_GRUNT	no	gauntlet	galactic_eterna: 3F			4	2.3		avoidable
Fantina	TRAINER_RUIN_MANIAC_GERALD	Ruin Maniac Gerald	MAP_HEADER_WAYWARD_CAVE_1F	LOCALID_RUIN_MANIAC_GERALD	no	none				2	2.3		multi-floor dungeon
Fantina	TRAINER_LASS_CASSIDY	Lass Cassidy	MAP_HEADER_WAYWARD_CAVE_1F	LOCALID_LASS_CASSIDY	no	none				1	2.3		multi-floor dungeon
Fantina	TRAINER_HIKER_THEODORE	Hiker Theodore	MAP_HEADER_ROUTE_206	LOCALID_HIKER_THEODORE	no	reward		ITEM_TM03	1	2	2.3	spare	avoidable
Fantina	TRAINER_HIKER_REGINALD	Hiker Reginald	MAP_HEADER_WAYWARD_CAVE_1F	LOCALID_HIKER_REGINALD	no	none				2	2.3		multi-floor dungeon
Fantina	TRAINER_HIKER_LORENZO	Hiker Lorenzo	MAP_HEADER_WAYWARD_CAVE_1F	LOCALID_HIKER_LORENZO	no	none				1	2.3		multi-floor dungeon
Fantina	TRAINER_PICNICKER_TORI	Picnicker Tori	MAP_HEADER_WAYWARD_CAVE_1F	LOCALID_PICNICKER_TORI	no	none				1	2.3		multi-floor dungeon
Fantina	TRAINER_PICNICKER_ANA	Picnicker Ana	MAP_HEADER_WAYWARD_CAVE_1F	LOCALID_PICNICKER_ANA	no	none				1	2.3		multi-floor dungeon
Fantina	TRAINER_YOUNGSTER_WAYNE	Youngster Wayne	MAP_HEADER_WAYWARD_CAVE_1F	LOCALID_YOUNGSTER_WAYNE	no	none				3	2.3		multi-floor dungeon
Fantina	TRAINER_SCIENTIST_TRAVON	Scientist Travon	MAP_HEADER_TEAM_GALACTIC_ETERNA_BUILDING_3F	LOCALID_SCIENTIST_TRAVON	no	gauntlet	galactic_eterna: 3F			1	2.3		avoidable
Maylene	TRAINER_BREEDER_ALBERT	Pkmn Breeder Albert	MAP_HEADER_ROUTE_209	LOCALID_BREEDER_ALBERT	no	none				4	2.3		avoidable
Maylene	TRAINER_BREEDER_JENNIFER	Pkmn Breeder Jennifer	MAP_HEADER_ROUTE_209	LOCALID_BREEDER_JENNIFER	yes	none				4	2.3		required
Maylene	TRAINER_COWGIRL_SHELLEY	Cowgirl Shelley	MAP_HEADER_ROUTE_209	LOCALID_COWGIRL_SHELLEY	no	none				1	2.3		avoidable
Maylene	TRAINER_JOGGER_RICHARD	Jogger Richard	MAP_HEADER_ROUTE_209	LOCALID_JOGGER_RICHARD	no	none				1	2.3		avoidable
Maylene	TRAINER_POKE_KID_DANIELLE	Poké Kid Danielle	MAP_HEADER_ROUTE_209	LOCALID_POKE_KID_DANIELLE	no	none				1	2.3		avoidable
Maylene	TRAINER_YOUNG_COUPLE_TY_AND_SUE	Young Couple Ty & Sue	MAP_HEADER_ROUTE_209	LOCALID_YOUNG_COUPLE_TRAINER_SUE	no	reward		ITEM_ASSAULT_VEST	1	2	2.5	spare	avoidable
Maylene	TRAINER_BREEDER_KAHLIL	Pkmn Breeder Kahlil	MAP_HEADER_ROUTE_210_SOUTH	LOCALID_BREEDER_KAHLIL	no	reward		ITEM_SAFETY_GOGGLES	1	2	2.4	spare	avoidable
Maylene	TRAINER_BREEDER_AMBER	Pkmn Breeder Amber	MAP_HEADER_ROUTE_210_SOUTH	LOCALID_BREEDER_AMBER	no	none				2	2.3		avoidable
Maylene	TRAINER_TWINS_TERI_AND_TIA	Twins Teri & Tia	MAP_HEADER_ROUTE_210_SOUTH	LOCALID_TWIN_TIA	no	none				2	2.5		avoidable
Maylene	TRAINER_BLACK_BELT_GREGORY	Black Belt Gregory	MAP_HEADER_ROUTE_215	LOCALID_BLACK_BELT_GREGORY	no	none				3	3.5		avoidable
Maylene	TRAINER_BLACK_BELT_DEREK	Black Belt Derek	MAP_HEADER_ROUTE_215	LOCALID_BLACK_BELT_DEREK	no	none				1	2.3		avoidable
Maylene	TRAINER_BLACK_BELT_NATHANIEL	Black Belt Nathaniel	MAP_HEADER_ROUTE_215	LOCALID_BLACK_BELT_NATHANIEL	no	none				3	4.7		avoidable
Maylene	TRAINER_JOGGER_SCOTT	Jogger Scott	MAP_HEADER_ROUTE_215	LOCALID_JOGGER_SCOTT	no	reward		ITEM_TM34	1	1	2.3	spare	avoidable
Maylene	TRAINER_COLLECTOR_FERNANDO	Collector Fernando	MAP_HEADER_CAFE	LOCALID_COLLECTOR_FERNANDO	no	none				1	2.3		off the story path
Maylene	TRAINER_COLLECTOR_EDWIN	Collector Edwin	MAP_HEADER_CAFE	LOCALID_COLLECTOR_EDWIN	no	reward		ITEM_TM28	1	1	2.3	spare	off the story path
Maylene	TRAINER_ACE_TRAINER_DENNIS	Ace Trainer Dennis	MAP_HEADER_ROUTE_215	LOCALID_ACE_TRAINER_DENNIS	yes	none				3	3.1		required
Maylene	TRAINER_ACE_TRAINER_MAYA	Ace Trainer Maya	MAP_HEADER_ROUTE_215	LOCALID_ACE_TRAINER_MAYA	yes	none				3	3.5		required
Maylene	TRAINER_BELLE_AND_PA_AVA_AND_MATT	Belle & Pa Ava & Matt	MAP_HEADER_ROUTE_210_SOUTH	LOCALID_BELLE_AVA	no	none				2	3.3		avoidable
Maylene	TRAINER_RANCHER_MARCO	Rancher Marco	MAP_HEADER_ROUTE_210_SOUTH	LOCALID_RANCHER_MARCO	no	none				1	2.3		avoidable
Maylene	TRAINER_TWINS_EMMA_AND_LIL	Twins Emma & Lil	MAP_HEADER_ROUTE_209	LOCALID_TWIN_EMMA	yes	none				6	2.9		required
Maylene	TRAINER_RUIN_MANIAC_CALVIN	Ruin Maniac Calvin	MAP_HEADER_ROUTE_215	LOCALID_RUIN_MANIAC_CALVIN	no	reward		ITEM_TM22	1	2	2.3	spare	avoidable
Maylene	TRAINER_JOGGER_WYATT	Jogger Wyatt	MAP_HEADER_ROUTE_210_SOUTH	LOCALID_JOGGER_WYATT	no	reward		ITEM_TM10	1	1	2.3	spare	avoidable
Maylene	TRAINER_JOGGER_CRAIG	Jogger Craig	MAP_HEADER_ROUTE_215	LOCALID_JOGGER_CRAIG	yes	none				2	3.6		required
Maylene	TRAINER_JOGGER_RAUL	Jogger Raul	MAP_HEADER_ROUTE_209	LOCALID_JOGGER_RAUL	no	reward		ITEM_SILK_SCARF	1	1	2.3	spare	avoidable
Maylene	TRAINER_BLACK_BELT_COLBY	Black Belt Colby	MAP_HEADER_VEILSTONE_CITY_GYM	LOCALID_BLACK_BELT_COLBY	no	none				3	3.3		gym with moving parts
Maylene	TRAINER_BLACK_BELT_DARREN	Black Belt Darren	MAP_HEADER_VEILSTONE_CITY_GYM	LOCALID_BLACK_BELT_DARREN	no	none				3	5.0		gym with moving parts
Maylene	TRAINER_BLACK_BELT_RAFAEL	Black Belt Rafael	MAP_HEADER_VEILSTONE_CITY_GYM	LOCALID_BLACK_BELT_RAFAEL	no	none				2	2.3		gym with moving parts
Maylene	TRAINER_BLACK_BELT_JEFFERY	Black Belt Jeffery	MAP_HEADER_VEILSTONE_CITY_GYM	LOCALID_BLACK_BELT_JEFFERY	no	none				1	2.3		gym with moving parts
Maylene	TRAINER_WAITRESS_KATI	Waitress Kati	MAP_HEADER_CAFE	LOCALID_WAITRESS_KATI	no	reward		ITEM_PUNCHING_GLOVE	1	1	2.3	spare	off the story path
Maylene	TRAINER_ROUGHNECK_KIRBY	Roughneck Kirby	MAP_HEADER_ROUTE_209_LOST_TOWER_3F	LOCALID_ROUGHNECK_KIRBY	no	none				1	2.3		multi-floor dungeon
Maylene	TRAINER_POKEFAN_LEONARD	Pokéfan Leonard	MAP_HEADER_ROUTE_209_LOST_TOWER_3F	LOCALID_POKEFAN_LEONARD	no	none				3	2.7		multi-floor dungeon
Maylene	TRAINER_POKEFAN_REBEKAH	Pokéfan Rebekah	MAP_HEADER_ROUTE_209_LOST_TOWER_4F	LOCALID_POKEFAN_REBEKAH	no	none				1	2.3		multi-floor dungeon
Maylene	TRAINER_YOUNGSTER_OLIVER	Youngster Oliver	MAP_HEADER_ROUTE_209_LOST_TOWER_2F	LOCALID_YOUNGSTER_OLIVER	no	none				3	2.6		multi-floor dungeon
Maylene	TRAINER_BELLE_AND_PA_BETH_AND_BOB	Belle & Pa Beth & Bob	MAP_HEADER_ROUTE_209_LOST_TOWER_4F	LOCALID_PA_BOB	no	none				2	2.5		multi-floor dungeon
Maylene	TRAINER_YOUNG_COUPLE_MIKE_AND_NAT	Young Couple Mike & Nat	MAP_HEADER_ROUTE_209_LOST_TOWER_4F	LOCALID_YOUNG_COUPLE_TRAINER_MIKE	no	none				2	2.4		multi-floor dungeon
Maylene	TRAINER_RUIN_MANIAC_KARL	Ruin Maniac Karl	MAP_HEADER_SOLACEON_RUINS_ROOM_3	LOCALID_RUIN_MANIAC_KARL	no	none				3	2.7		multi-floor dungeon
Maylene	TRAINER_GALACTIC_GRUNT_VEILSTONE_CITY_1	Galactic Grunt			no	none				2	2.8		not on a crossing
Maylene	TRAINER_GALACTIC_GRUNT_VEILSTONE_CITY_2	Galactic Grunt			no	none				2	2.5		not on a crossing
Wake	TRAINER_FISHERMAN_CODY	Fisherman Cody	MAP_HEADER_ROUTE_208	LOCALID_FISHERMAN_CODY	no	none				2	3.1		behind a field move
Wake	TRAINER_RICH_BOY_JASON	Rich Boy Jason	MAP_HEADER_ROUTE_212_NORTH	LOCALID_RICH_BOY_JASON	no	none				1	2.3		off the story path
Wake	TRAINER_LADY_MELISSA	Lady Melissa	MAP_HEADER_ROUTE_212_NORTH	LOCALID_LADY_MELISSA	no	none				1	2.3		off the story path
Wake	TRAINER_GENTLEMAN_JEREMY	Gentleman Jeremy	MAP_HEADER_ROUTE_212_NORTH	LOCALID_GENTLEMAN_JEREMY	no	none				1	2.3		off the story path
Wake	TRAINER_SOCIALITE_REINA	Socialite Reina	MAP_HEADER_ROUTE_212_NORTH	LOCALID_SOCIALITE_REINA	no	none				1	2.3		off the story path
Wake	TRAINER_POLICEMAN_BOBBY	Policeman Bobby	MAP_HEADER_ROUTE_212_NORTH	LOCALID_POLICEMAN_BOBBY	no	none				2	2.3		off the story path
Wake	TRAINER_POLICEMAN_ALEX	Policeman Alex	MAP_HEADER_ROUTE_212_NORTH	LOCALID_POLICEMAN_ALEX	no	none				2	2.3		off the story path
Wake	TRAINER_POLICEMAN_DYLAN	Policeman Dylan	MAP_HEADER_ROUTE_212_NORTH	LOCALID_POLICEMAN_DYLAN	no	none				2	3.6		off the story path
Wake	TRAINER_FISHERMAN_JUAN	Fisherman Juan	MAP_HEADER_ROUTE_212_SOUTH	LOCALID_FISHERMAN_JUAN	no	none				1	2.3		off the story path
Wake	TRAINER_FISHERMAN_JOSH	Fisherman Josh	MAP_HEADER_ROUTE_212_SOUTH	LOCALID_FISHERMAN_JOSH	no	reward		ITEM_WIDE_LENS	1	2	3.4	spare	off the story path
Wake	TRAINER_FISHERMAN_TRAVIS	Fisherman Travis	MAP_HEADER_ROUTE_212_SOUTH	LOCALID_FISHERMAN_TRAVIS	no	none				2	3.4		off the story path
Wake	TRAINER_RANGER_TAYLOR	Pkmn Ranger Taylor	MAP_HEADER_ROUTE_212_SOUTH	LOCALID_RANGER_TAYLOR	no	none				2	2.3		off the story path
Wake	TRAINER_RANGER_JEFFREY	Pkmn Ranger Jeffrey	MAP_HEADER_ROUTE_212_SOUTH	LOCALID_RANGER_JEFFREY	no	none				1	2.3		off the story path
Wake	TRAINER_RANGER_ALLISON	Pkmn Ranger Allison	MAP_HEADER_ROUTE_212_SOUTH	LOCALID_RANGER_ALLISON	no	none				2	2.4		off the story path
Wake	TRAINER_SCIENTIST_STEFANO	Scientist Stefano	MAP_HEADER_ROUTE_212_SOUTH	LOCALID_SCIENTIST_STEFANO	no	none				1	2.3		off the story path
Wake	TRAINER_POLICEMAN_CALEB	Policeman Caleb	MAP_HEADER_ROUTE_212_NORTH	LOCALID_POLICEMAN_CALEB	no	none				2	2.4		off the story path
Wake	TRAINER_SWIMMER_SHELTIN	Swimmer♂ Sheltin	MAP_HEADER_ROUTE_213	LOCALID_SWIMMER_SHELTIN	no	none				3	4.4		behind a field move
Wake	TRAINER_SWIMMER_EVAN	Swimmer♂ Evan	MAP_HEADER_ROUTE_213	LOCALID_SWIMMER_EVAN	no	none				2	2.8		behind a field move
Wake	TRAINER_SWIMMER_HALEY	Swimmer♀ Haley	MAP_HEADER_ROUTE_213	LOCALID_SWIMMER_HALEY	no	none				2	3.2		behind a field move
Wake	TRAINER_SWIMMER_MARY	Swimmer♀ Mary	MAP_HEADER_ROUTE_213	LOCALID_SWIMMER_MARY	no	none				2	3.7		behind a field move
Wake	TRAINER_TUBER_JARED	Tuber Jared	MAP_HEADER_ROUTE_213	LOCALID_TUBER_JARED	yes	none				3	3.0		required
Wake	TRAINER_TUBER_CHELSEA	Tuber Chelsea	MAP_HEADER_ROUTE_213	LOCALID_TUBER_CHELSEA	yes	none				1	2.3		required
Wake	TRAINER_SAILOR_PAUL	Sailor Paul	MAP_HEADER_ROUTE_213	LOCALID_SAILOR_PAUL	no	none				3	2.3		behind a field move
Wake	TRAINER_FISHERMAN_KENNETH	Fisherman Kenneth	MAP_HEADER_ROUTE_213	LOCALID_FISHERMAN_KENNETH	no	reward		ITEM_COVERT_CLOAK	1	3	3.2	spare	avoidable
Wake	TRAINER_RUIN_MANIAC_BRYAN	Ruin Maniac Bryan	MAP_HEADER_ROUTE_214	LOCALID_RUIN_MANIAC_BRYAN	no	none				5	3.4		avoidable
Wake	TRAINER_RUIN_MANIAC_RONALD	Ruin Maniac Ronald	MAP_HEADER_ROUTE_214	LOCALID_RUIN_MANIAC_RONALD	no	none				5	4.6		avoidable
Wake	TRAINER_PSYCHIC_MITCHELL	Psychic Mitchell	MAP_HEADER_ROUTE_214	LOCALID_PSYCHIC_MITCHELL	yes	none				2	2.4		required
Wake	TRAINER_PSYCHIC_ABIGAIL	Psychic Abigail	MAP_HEADER_ROUTE_214	LOCALID_PSYCHIC_ABIGAIL	yes	none				3	2.3		required
Wake	TRAINER_PI_CARLOS	PI Carlos	MAP_HEADER_ROUTE_214	LOCALID_PI_CARLOS	no	reward		ITEM_TM72	1	1	2.3	spare	avoidable
Wake	TRAINER_COLLECTOR_DOUGLAS	Collector Douglas	MAP_HEADER_ROUTE_214	LOCALID_COLLECTOR_DOUGLAS	yes	none				3	3.6		required
Wake	TRAINER_FISHERMAN_ERICK	Fisherman Erick	MAP_HEADER_PASTORIA_CITY_GYM	LOCALID_FISHERMAN_ERICK	no	none				3	5.7		gym with moving parts
Wake	TRAINER_PARASOL_LADY_ALEXA	Parasol Lady Alexa	MAP_HEADER_ROUTE_212_SOUTH	LOCALID_PARASOL_LADY_ALEXA	no	none				1	2.3		off the story path
Wake	TRAINER_PARASOL_LADY_SABRINA	Parasol Lady Sabrina	MAP_HEADER_ROUTE_212_SOUTH	LOCALID_PARASOL_LADY_SABRINA	no	none				1	2.3		off the story path
Wake	TRAINER_POLICEMAN_DANNY	Policeman Danny	MAP_HEADER_ROUTE_212_SOUTH	LOCALID_POLICEMAN_DANNY	no	none				2	2.5		off the story path
Wake	TRAINER_SAILOR_DAMIAN	Sailor Damian	MAP_HEADER_PASTORIA_CITY_GYM	LOCALID_SAILOR_DAMIAN	no	none				2	3.2		gym with moving parts
Wake	TRAINER_BEAUTY_CYNDY	Beauty Cyndy	MAP_HEADER_ROUTE_213	LOCALID_BEAUTY_CYNDY	yes	none				1	2.3		required
Wake	TRAINER_TUBER_TRENTON	Tuber Trenton	MAP_HEADER_ROUTE_219	LOCALID_TUBER_TRENTON	no	reward		ITEM_EJECT_BUTTON	1	2	2.9	spare	off the story path
Wake	TRAINER_TUBER_MARIEL	Tuber Mariel	MAP_HEADER_ROUTE_219	LOCALID_TUBER_MARIEL	no	reward		ITEM_RED_CARD	1	2	2.8	spare	off the story path
Wake	TRAINER_COLLECTOR_DEAN	Collector Dean	MAP_HEADER_ROUTE_212_SOUTH	LOCALID_COLLECTOR_DEAN	no	none				2	2.3		off the story path
Wake	TRAINER_COLLECTOR_JAMAL	Collector Jamal	MAP_HEADER_ROUTE_214	LOCALID_COLLECTOR_JAMAL	no	none				4	2.7		avoidable
Wake	TRAINER_FISHERMAN_WALTER	Fisherman Walter	MAP_HEADER_PASTORIA_CITY_GYM	LOCALID_FISHERMAN_WALTER	no	none				1	2.3		gym with moving parts
Wake	TRAINER_SAILOR_SAMSON	Sailor Samson	MAP_HEADER_PASTORIA_CITY_GYM	LOCALID_SAILOR_SAMSON	no	none				3	2.9		gym with moving parts
Wake	TRAINER_SCIENTIST_SHAUN	Scientist Shaun	MAP_HEADER_ROUTE_212_SOUTH	LOCALID_SCIENTIST_SHAUN	no	reward		ITEM_WEAKNESS_POLICY	1	2	3.2	spare	off the story path
Wake	TRAINER_BEAUTY_DEVON	Beauty Devon	MAP_HEADER_ROUTE_214	LOCALID_COLLECTOR_BRADY	yes	none				2	2.3		required
Wake	TRAINER_TUBER_JACKY	Tuber Jacky	MAP_HEADER_PASTORIA_CITY_GYM	LOCALID_TUBER_JACKY	no	none				1	2.3		gym with moving parts
Wake	TRAINER_TUBER_CAITLYN	Tuber Caitlyn	MAP_HEADER_PASTORIA_CITY_GYM	LOCALID_TUBER_CAITLYN	no	none				3	4.2		gym with moving parts
Wake	TRAINER_AROMA_LADY_ALISON	Aroma Lady Alison			no	none				1	2.3		not on a crossing
Wake	TRAINER_ARTIST_ISMAEL	Artist Ismael			no	none				1	2.3		not on a crossing
Wake	TRAINER_BREEDER_KAYLEE	Pkmn Breeder Kaylee			no	none				3	2.3		not on a crossing
Wake	TRAINER_CAMERAMAN_DARRYL	Cameraman Darryl			no	none				2	2.3		not on a crossing
Wake	TRAINER_COLLECTOR_EUGENE	Collector Eugene			no	none				1	2.3		not on a crossing
Wake	TRAINER_POKEFAN_MEREDITH	Pokéfan Meredith			no	none				2	2.3		not on a crossing
Wake	TRAINER_PI_KENDRICK	PI Kendrick			no	none				1	2.3		not on a crossing
Wake	TRAINER_GENTLEMAN_LEONARDO	Gentleman Leonardo			no	none				1	2.3		not on a crossing
Wake	TRAINER_SOCIALITE_REBECCA	Socialite Rebecca			no	none				1	2.3		not on a crossing
Wake	TRAINER_LASS_BLYTHE	Lass Blythe			no	none				2	2.3		not on a crossing
Wake	TRAINER_RICH_BOY_ROMAN	Rich Boy Roman			no	none				1	2.3		not on a crossing
Wake	TRAINER_LADY_KYLIE	Lady Kylie			no	none				2	2.3		not on a crossing
Wake	TRAINER_REPORTER_VALERIE	Reporter Valerie			no	none				1	2.3		not on a crossing
Wake	TRAINER_SCHOOL_KID_ESTEBAN	School Kid Esteban			no	none				1	2.3		not on a crossing
Wake	TRAINER_SCIENTIST_EMILIO	Scientist Emilio			no	none				1	2.3		not on a crossing
Wake	TRAINER_BEAUTY_GABRIELLA	Beauty Gabriella			no	none				1	2.3		not on a crossing
Wake	TRAINER_BEAUTY_HARLEY	Beauty Harley			no	none				1	2.3		not on a crossing
Wake	TRAINER_VETERAN_EMANUEL	Veteran Emanuel			no	none				2	2.3		not on a crossing
Wake	TRAINER_DUMMY_795	Ace Trainer Krystal	MAP_HEADER_ROUTE_214	LOCALID_OBJECT_31	no	none				6	6.3		avoidable
Wake	TRAINER_GALACTIC_GRUNT_VALOR_LAKEFRONT	Galactic Grunt			no	none				1	2.3		not on a crossing
Wake	TRAINER_RICH_BOY_LIAM	Rich Boy Liam			no	none				1	2.3		not on a crossing
Wake	TRAINER_LADY_CELESTE	Lady Celeste			no	none				1	2.3		not on a crossing
Wake	TRAINER_MAID_BELINDA	Maid Belinda			no	none				1	2.3		not on a crossing
Wake	TRAINER_MAID_SOPHIE	Maid Sophie			no	none				1	2.3		not on a crossing
Wake	TRAINER_MAID_EMILY	Maid Emily			no	none				1	2.3		not on a crossing
Wake	TRAINER_MAID_ELENA	Maid Elena			no	none				1	2.3		not on a crossing
Wake	TRAINER_MAID_CLARE	Maid Clare			no	none				1	2.3		not on a crossing
Byron	TRAINER_HIKER_ALEXANDER	Hiker Alexander	MAP_HEADER_ROUTE_208	LOCALID_HIKER_ALEXANDER	no	none				2	2.9		behind a field move
Byron	TRAINER_ACE_TRAINER_ERNEST	Ace Trainer Ernest	MAP_HEADER_ROUTE_210_NORTH	LOCALID_ACE_TRAINER_ERNEST	no	none				3	2.5		avoidable
Byron	TRAINER_ACE_TRAINER_ALYSSA	Ace Trainer Alyssa	MAP_HEADER_ROUTE_210_NORTH	LOCALID_ACE_TRAINER_ALYSSA	yes	none				3	2.4		required
Byron	TRAINER_VETERAN_BRIAN	Veteran Brian	MAP_HEADER_ROUTE_210_NORTH	LOCALID_VETERAN_BRIAN	yes	none				3	3.2		required
Byron	TRAINER_BLACK_BELT_ADAM	Black Belt Adam	MAP_HEADER_ROUTE_210_NORTH	LOCALID_BLACK_BELT_ADAM	no	none				1	2.3		avoidable
Byron	TRAINER_NINJA_BOY_JOEL	Ninja Boy Joel	MAP_HEADER_ROUTE_210_NORTH	LOCALID_NINJA_BOY_JOEL	no	none				2	2.3		avoidable
Byron	TRAINER_NINJA_BOY_NATHAN	Ninja Boy Nathan	MAP_HEADER_ROUTE_210_NORTH	LOCALID_NINJA_BOY_NATHAN	no	none				1	2.3		avoidable
Byron	TRAINER_NINJA_BOY_DAVIDO	Ninja Boy Davido	MAP_HEADER_ROUTE_210_NORTH	LOCALID_NINJA_BOY_DAVIDO	no	none				1	2.3		avoidable
Byron	TRAINER_DRAGON_TAMER_PATRICK	Dragon Tamer Patrick	MAP_HEADER_ROUTE_210_NORTH	LOCALID_DRAGON_TAMER_PATRICK	no	none				1	2.3		behind a field move
Byron	TRAINER_BIRD_KEEPER_BRIANNA	Bird Keeper Brianna	MAP_HEADER_ROUTE_210_NORTH	LOCALID_BIRD_KEEPER_BRIANNA	no	none				2	2.8		avoidable
Byron	TRAINER_DOUBLE_TEAM_ZAC_AND_JEN	Double Team Zac & Jen	MAP_HEADER_ROUTE_210_NORTH	LOCALID_DOUBLE_TEAM_TRAINER_ZAC	no	none				2	2.8		avoidable
Byron	TRAINER_BLACK_BELT_SEAN	Black Belt Sean	MAP_HEADER_ROUTE_211_EAST	LOCALID_BLACK_BELT_SEAN	no	none				3	2.3		off the story path
Byron	TRAINER_NINJA_BOY_NICK	Ninja Boy Nick	MAP_HEADER_ROUTE_211_EAST	LOCALID_NINJA_BOY_NICK	no	none				2	2.3		off the story path
Byron	TRAINER_BIRD_KEEPER_KATHERINE	Bird Keeper Katherine	MAP_HEADER_ROUTE_211_EAST	LOCALID_BIRD_KEEPER_KATHERINE	no	none				1	2.3		off the story path
Byron	TRAINER_FISHERMAN_MIGUEL	Fisherman Miguel	MAP_HEADER_ROUTE_218	LOCALID_FISHERMAN_MIGUEL	no	none				2	2.8		avoidable
Byron	TRAINER_FISHERMAN_LUC	Fisherman Luc	MAP_HEADER_ROUTE_218	LOCALID_FISHERMAN_LUC	no	none				1	2.3		avoidable
Byron	TRAINER_SWIMMER_ADRIAN	Swimmer♂ Adrian	MAP_HEADER_ROUTE_220	LOCALID_SWIMMER_ADRIAN	no	reward		ITEM_ZOOM_LENS	1	2	2.7	spare	off the story path
Byron	TRAINER_SWIMMER_ERIK	Swimmer♂ Erik	MAP_HEADER_ROUTE_220	LOCALID_SWIMMER_ERIK	no	none				1	2.3		off the story path
Byron	TRAINER_SWIMMER_VINCENT	Swimmer♂ Vincent	MAP_HEADER_ROUTE_220	LOCALID_SWIMMER_VINCENT	no	none				2	2.3		off the story path
Byron	TRAINER_SWIMMER_JESSICA	Swimmer♀ Jessica	MAP_HEADER_ROUTE_220	LOCALID_SWIMMER_JESSICA	no	reward		ITEM_MIRROR_HERB	1	2	2.7	spare	off the story path
Byron	TRAINER_SWIMMER_ERICA	Swimmer♀ Erica	MAP_HEADER_ROUTE_220	LOCALID_SWIMMER_ERICA	no	none				1	2.3		off the story path
Byron	TRAINER_SWIMMER_KATELYN	Swimmer♀ Katelyn	MAP_HEADER_ROUTE_220	LOCALID_SWIMMER_KATELYN	no	none				3	3.0		off the story path
Byron	TRAINER_SWIMMER_DILLON	Swimmer♂ Dillon	MAP_HEADER_ROUTE_221	LOCALID_SWIMMER_DILLON	no	none				1	2.3		off the story path
Byron	TRAINER_SWIMMER_VANESSA	Swimmer♀ Vanessa	MAP_HEADER_ROUTE_221	LOCALID_SWIMMER_VANESSA	no	none				1	2.3		off the story path
Byron	TRAINER_FISHERMAN_CORY	Fisherman Cory	MAP_HEADER_ROUTE_221	LOCALID_FISHERMAN_CORY	no	reward		ITEM_CLEAR_AMULET	1	3	2.7	spare	off the story path
Byron	TRAINER_ACE_TRAINER_JAKE	Ace Trainer Jake	MAP_HEADER_ROUTE_221	LOCALID_ACE_TRAINER_JAKE	no	none				2	2.5		off the story path
Byron	TRAINER_ACE_TRAINER_SHANNON	Ace Trainer Shannon	MAP_HEADER_ROUTE_221	LOCALID_ACE_TRAINER_SHANNON	no	none				3	2.8		off the story path
Byron	TRAINER_BLACK_BELT_DAVID	Black Belt David	MAP_HEADER_CANALAVE_CITY_GYM	LOCALID_BLACK_BELT_DAVID	no	none				1	2.3		gym with moving parts
Byron	TRAINER_VETERAN_GRANT	Veteran Grant	MAP_HEADER_OREBURGH_GATE_B1F	LOCALID_VETERAN_GRANT	no	none				3	3.1		multi-floor dungeon
Byron	TRAINER_WORKER_JACKSON	Worker Jackson	MAP_HEADER_CANALAVE_CITY_GYM	LOCALID_WORKER_JACKSON	no	none				2	2.4		gym with moving parts
Byron	TRAINER_WORKER_GARY	Worker Gary	MAP_HEADER_CANALAVE_CITY_GYM	LOCALID_WORKER_GARY	no	none				1	2.3		gym with moving parts
Byron	TRAINER_COLLECTOR_IVAN	Collector Ivan	MAP_HEADER_ROUTE_221	LOCALID_COLLECTOR_IVAN	no	none				1	2.3		off the story path
Byron	TRAINER_ACE_TRAINER_CESAR	Ace Trainer Cesar	MAP_HEADER_CANALAVE_CITY_GYM	LOCALID_ACE_TRAINER_CESAR	no	none				1	2.3		gym with moving parts
Byron	TRAINER_ACE_TRAINER_BREANNA	Ace Trainer Breanna	MAP_HEADER_CANALAVE_CITY_GYM	LOCALID_ACE_TRAINER_BREANNA	no	none				3	3.1		gym with moving parts
Byron	TRAINER_GUITARIST_TONY	Guitarist Tony	MAP_HEADER_ROUTE_218	LOCALID_GUITARIST_TONY	no	none				2	2.5		avoidable
Byron	TRAINER_BLACK_BELT_RICKY	Black Belt Ricky	MAP_HEADER_CANALAVE_CITY_GYM	LOCALID_BLACK_BELT_RICKY	no	none				1	2.3		gym with moving parts
Byron	TRAINER_SAILOR_SKYLER	Sailor Skyler	MAP_HEADER_ROUTE_218	LOCALID_SAILOR_SKYLER	no	none				2	2.6		avoidable
Byron	TRAINER_WORKER_GERARDO	Worker Gerardo	MAP_HEADER_CANALAVE_CITY_GYM	LOCALID_WORKER_GERARDO	no	none				2	3.7		gym with moving parts
Byron	TRAINER_BATTLE_GIRL_TYLER	Battle Girl Tyler	MAP_HEADER_IRON_ISLAND_B2F_LEFT_ROOM	LOCALID_BATTLE_GIRL_TYLER	no	none				1	2.3		avoidable
Byron	TRAINER_CAMPER_LAWRENCE	Camper Lawrence	MAP_HEADER_IRON_ISLAND_B1F_LEFT_ROOM	LOCALID_CAMPER_LAWRENCE	no	none				2	2.7		multi-floor dungeon
Byron	TRAINER_ACE_TRAINER_JONAH	Ace Trainer Jonah	MAP_HEADER_IRON_ISLAND_B2F_LEFT_ROOM	LOCALID_ACE_TRAINER_JONAH	yes	none				3	4.6		required
Byron	TRAINER_ACE_TRAINER_BRENDA	Ace Trainer Brenda	MAP_HEADER_IRON_ISLAND_B2F_LEFT_ROOM	LOCALID_ACE_TRAINER_BRENDA	yes	none				3	4.4		required
Byron	TRAINER_GALACTIC_GRUNT_CELESTIC_TOWN	Galactic Officer Argo			no	none				5	4.1		not on a crossing
Byron	TRAINER_RUIN_MANIAC_HARRY	Ruin Maniac Harry	MAP_HEADER_ROUTE_211_EAST	LOCALID_RUIN_MANIAC_HARRY	no	none				3	2.3		off the story path
Byron	TRAINER_BLACK_BELT_KENDAL	Black Belt Kendal	MAP_HEADER_IRON_ISLAND_B2F_LEFT_ROOM	LOCALID_BLACK_BELT_KENDAL	no	none				1	2.3		avoidable
Byron	TRAINER_HIKER_DAMON	Hiker Damon	MAP_HEADER_IRON_ISLAND_B2F_LEFT_ROOM	LOCALID_HIKER_DAMON	no	none				3	3.3		avoidable
Byron	TRAINER_HIKER_MAURICE	Hiker Maurice	MAP_HEADER_IRON_ISLAND_B2F_LEFT_ROOM	LOCALID_HIKER_MAURICE	no	none				2	2.5		avoidable
Byron	TRAINER_PICNICKER_SUMMER	Picnicker Summer	MAP_HEADER_IRON_ISLAND_B1F_RIGHT_ROOM	LOCALID_PICNICKER_SUMMER	no	none				1	2.3		multi-floor dungeon
Byron	TRAINER_NINJA_BOY_FABIAN	Ninja Boy Fabian	MAP_HEADER_ROUTE_210_SOUTH	LOCALID_NINJA_BOY_FABIAN	no	none				1	2.3		avoidable
Byron	TRAINER_NINJA_BOY_BRENNAN	Ninja Boy Brennan	MAP_HEADER_ROUTE_210_SOUTH	LOCALID_NINJA_BOY_BRENNAN	no	none				1	2.3		avoidable
Byron	TRAINER_NINJA_BOY_BRUCE	Ninja Boy Bruce	MAP_HEADER_ROUTE_210_SOUTH	LOCALID_NINJA_BOY_BRUCE	no	none				1	2.3		avoidable
Byron	TRAINER_SWIMMER_CLAIRE	Swimmer♀ Claire	MAP_HEADER_ROUTE_220	LOCALID_SWIMMER_CLAIRE	no	none				1	2.3		off the story path
Byron	TRAINER_WORKER_NOEL	Worker Noel	MAP_HEADER_IRON_ISLAND_B2F_RIGHT_ROOM	LOCALID_WORKER_NOEL	no	none				2	3.2		multi-floor dungeon
Byron	TRAINER_WORKER_BRADEN	Worker Braden	MAP_HEADER_IRON_ISLAND_B2F_RIGHT_ROOM	LOCALID_WORKER_BRADEN	no	none				1	2.3		multi-floor dungeon
Byron	TRAINER_WORKER_BRENDON	Worker Brendon	MAP_HEADER_IRON_ISLAND_B2F_LEFT_ROOM	LOCALID_WORKER_BRENDON	no	none				2	4.1		avoidable
Byron	TRAINER_WORKER_QUENTIN	Worker Quentin	MAP_HEADER_IRON_ISLAND_B2F_LEFT_ROOM	LOCALID_WORKER_QUENTIN	no	none				2	4.2		avoidable
Byron	TRAINER_GALACTIC_GRUNT_IRON_ISLAND_1	Galactic Grunt			no	none				3	3.2		not on a crossing
Byron	TRAINER_GALACTIC_GRUNT_IRON_ISLAND_2	Galactic Grunt			no	none				3	2.8		not on a crossing
Byron	TRAINER_WORKER_DILLAN	Worker Dillan	MAP_HEADER_FUEGO_IRONWORKS_BUILDING	LOCALID_WORKER_DILLAN	no	none				1	2.3		off the story path
Byron	TRAINER_WORKER_HOLDEN	Worker Holden	MAP_HEADER_FUEGO_IRONWORKS_BUILDING	LOCALID_WORKER_HOLDEN	no	none				2	3.6		off the story path
Byron	TRAINER_WORKER_CONRAD	Worker Conrad	MAP_HEADER_FUEGO_IRONWORKS_BUILDING	LOCALID_WORKER_CONRAD	no	none				1	2.3		off the story path
Candice	TRAINER_ACE_TRAINER_BLAKE	Ace Trainer Blake	MAP_HEADER_ROUTE_216	LOCALID_ACE_TRAINER_BLAKE	no	reward		ITEM_RING_TARGET	1	2	2.4	spare	avoidable
Candice	TRAINER_ACE_TRAINER_GARRETT	Ace Trainer Garrett	MAP_HEADER_ROUTE_216	LOCALID_ACE_TRAINER_GARRETT	no	none				3	2.9		avoidable
Candice	TRAINER_ACE_TRAINER_LAURA	Ace Trainer Laura	MAP_HEADER_ROUTE_216	LOCALID_ACE_TRAINER_LAURA	yes	none				1	2.3		required
Candice	TRAINER_ACE_TRAINER_MARIA	Ace Trainer Maria	MAP_HEADER_ROUTE_216	LOCALID_ACE_TRAINER_MARIA	no	none				3	3.1		avoidable
Candice	TRAINER_SKIER_BRADLEY	Skier Bradley	MAP_HEADER_ROUTE_216	LOCALID_SKIER_BRADLEY	no	none				3	2.4		behind a field move
Candice	TRAINER_SKIER_EDWARD	Skier Edward	MAP_HEADER_ROUTE_216	LOCALID_SKIER_EDWARD	no	none				1	2.3		avoidable
Candice	TRAINER_SKIER_KAITLYN	Skier Kaitlyn	MAP_HEADER_ROUTE_216	LOCALID_SKIER_KAITLYN	no	none				2	4.2		behind a field move
Candice	TRAINER_SKIER_ANDREA	Skier Andrea	MAP_HEADER_ROUTE_216	LOCALID_SKIER_ANDREA	no	none				1	2.3		behind a field move
Candice	TRAINER_ACE_TRAINER_DALTON	Ace Trainer Dalton	MAP_HEADER_ROUTE_217	LOCALID_ACE_TRAINER_DALTON	yes	none				2	4.2		required
Candice	TRAINER_ACE_TRAINER_OLIVIA	Ace Trainer Olivia	MAP_HEADER_ROUTE_217	LOCALID_ACE_TRAINER_OLIVIA	yes	none				3	3.5		required
Candice	TRAINER_SKIER_SHAWN	Skier Shawn	MAP_HEADER_ROUTE_217	LOCALID_SKIER_SHAWN	no	none				1	2.3		avoidable
Candice	TRAINER_SKIER_BJORN	Skier Bjorn	MAP_HEADER_ROUTE_217	LOCALID_SKIER_BJORN	no	none				1	2.3		avoidable
Candice	TRAINER_SKIER_LEXIE	Skier Lexie	MAP_HEADER_ROUTE_217	LOCALID_SKIER_LEXIE	no	reward		ITEM_ABILITY_SHIELD	1	2	2.4	spare	avoidable
Candice	TRAINER_SKIER_MADISON	Skier Madison	MAP_HEADER_ROUTE_217	LOCALID_SKIER_MADISON	no	none				1	2.3		avoidable
Candice	TRAINER_NINJA_BOY_MATTHEW	Ninja Boy Matthew	MAP_HEADER_ROUTE_217	LOCALID_NINJA_BOY_MATTHEW	no	none				1	2.3		avoidable
Candice	TRAINER_NINJA_BOY_ETHAN	Ninja Boy Ethan	MAP_HEADER_ROUTE_217	LOCALID_NINJA_BOY_ETHAN	no	none				1	2.3		avoidable
Candice	TRAINER_BLACK_BELT_LUKE	Black Belt Luke	MAP_HEADER_ROUTE_217	LOCALID_BLACK_BELT_LUKE	yes	none				3	4.2		required
Candice	TRAINER_BLACK_BELT_PHILIP	Black Belt Philip	MAP_HEADER_ROUTE_216	LOCALID_BLACK_BELT_PHILIP	no	none				1	2.3		behind a field move
Candice	TRAINER_ACE_TRAINER_SERGIO	Ace Trainer Sergio	MAP_HEADER_SNOWPOINT_CITY_GYM	LOCALID_ACE_TRAINER_SERGIO	no	none				1	2.3		gym with moving parts
Candice	TRAINER_ACE_TRAINER_ISAIAH	Ace Trainer Isaiah	MAP_HEADER_SNOWPOINT_CITY_GYM	LOCALID_ACE_TRAINER_ISAIAH	no	none				1	2.3		gym with moving parts
Candice	TRAINER_ACE_TRAINER_SAVANNAH	Ace Trainer Savannah	MAP_HEADER_SNOWPOINT_CITY_GYM	LOCALID_ACE_TRAINER_SAVANNAH	no	none				2	4.4		gym with moving parts
Candice	TRAINER_ACE_TRAINER_ALICIA	Ace Trainer Alicia	MAP_HEADER_SNOWPOINT_CITY_GYM	LOCALID_ACE_TRAINER_ALICIA	no	none				2	2.3		gym with moving parts
Candice	TRAINER_GALACTIC_GRUNT_LAKE_VALOR_1	Galactic Grunt	MAP_HEADER_LAKE_VALOR_DRAINED	LOCALID_GALACTIC_GRUNT_LAKE_VALOR_1	no	none				1	2.3		avoidable
Candice	TRAINER_GALACTIC_GRUNT_LAKE_VALOR_2	Galactic Officer Hesperid	MAP_HEADER_LAKE_VALOR_DRAINED	LOCALID_GALACTIC_GRUNT_LAKE_VALOR_2	yes	none				5	7.9		required
Candice	TRAINER_GALACTIC_GRUNT_LAKE_VERITY_1	Galactic Grunt	MAP_HEADER_LAKE_VERITY	LOCALID_GALACTIC_GRUNT_1	yes	none				1	2.3		required
Candice	TRAINER_GALACTIC_GRUNT_LAKE_VALOR_3	Galactic Grunt	MAP_HEADER_LAKE_VALOR_DRAINED	LOCALID_GALACTIC_GRUNT_LAKE_VALOR_3	no	reward		ITEM_METRONOME	1	1	2.3	spare	avoidable
Candice	TRAINER_GALACTIC_GRUNT_LAKE_VERITY_2	Galactic Grunt	MAP_HEADER_LAKE_VERITY	LOCALID_GALACTIC_GRUNT_2	yes	none				1	2.3		required
Candice	TRAINER_ACE_TRAINER_ANTON	Ace Trainer Anton	MAP_HEADER_SNOWPOINT_CITY_GYM	LOCALID_ACE_TRAINER_ANTON	no	none				1	2.3		gym with moving parts
Candice	TRAINER_ACE_TRAINER_BRENNA	Ace Trainer Brenna	MAP_HEADER_SNOWPOINT_CITY_GYM	LOCALID_ACE_TRAINER_BRENNA	no	none				2	2.3		gym with moving parts
HQ	TRAINER_GALACTIC_GRUNT_GALACTIC_HQ_1F	Galactic Grunt	MAP_HEADER_GALACTIC_HQ_1F	LOCALID_GALACTIC_GRUNT	no	gauntlet	galactic_hq: 1F			2	3.3		multi-floor dungeon
HQ	TRAINER_GALACTIC_GRUNT_GALACTIC_HQ_2F_3	Galactic Grunt	MAP_HEADER_GALACTIC_HQ_2F	LOCALID_GALACTIC_GRUNT_3	no	gauntlet	galactic_hq: 2F			2	3.3		multi-floor dungeon
HQ	TRAINER_GALACTIC_GRUNT_GALACTIC_HQ_B2F_1	Galactic Grunt	MAP_HEADER_GALACTIC_HQ_B2F	LOCALID_GALACTIC_GRUNT_1	no	gauntlet	galactic_hq: B2F			2	4.1		multi-floor dungeon
HQ	TRAINER_GALACTIC_GRUNT_GALACTIC_HQ_B2F_2	Galactic Grunt	MAP_HEADER_GALACTIC_HQ_B2F	LOCALID_GALACTIC_GRUNT_2	no	gauntlet	galactic_hq: B2F			2	2.8		multi-floor dungeon
HQ	TRAINER_GALACTIC_GRUNT_GALACTIC_HQ_3F_1	Galactic Grunt	MAP_HEADER_GALACTIC_HQ_3F	LOCALID_GALACTIC_GRUNT_1	no	gauntlet	galactic_hq: 3F			2	2.9		multi-floor dungeon
HQ	TRAINER_GALACTIC_GRUNT_GALACTIC_HQ_2F_1	Galactic Grunt	MAP_HEADER_GALACTIC_HQ_2F	LOCALID_GALACTIC_GRUNT_1	no	gauntlet	galactic_hq: 2F			2	3.0		multi-floor dungeon
HQ	TRAINER_GALACTIC_GRUNT_GALACTIC_HQ_3F_2	Galactic Grunt	MAP_HEADER_GALACTIC_HQ_3F	LOCALID_GALACTIC_GRUNT_2	no	gauntlet	galactic_hq: 3F			2	2.3		multi-floor dungeon
HQ	TRAINER_GALACTIC_GRUNT_GALACTIC_HQ_2F_2	Galactic Grunt	MAP_HEADER_GALACTIC_HQ_2F	LOCALID_GALACTIC_GRUNT_2	no	gauntlet	galactic_hq: 2F			2	3.0		multi-floor dungeon
HQ	TRAINER_GALACTIC_GRUNT_GALACTIC_HQ_3F_3	Galactic Grunt	MAP_HEADER_GALACTIC_HQ_3F	LOCALID_GALACTIC_GRUNT_3	no	gauntlet	galactic_hq: 3F			2	2.5		multi-floor dungeon
HQ	TRAINER_GALACTIC_GRUNT_GALACTIC_HQ_3F_4	Galactic Grunt	MAP_HEADER_GALACTIC_HQ_3F	LOCALID_GALACTIC_GRUNT_4	no	gauntlet	galactic_hq: 3F			2	2.8		multi-floor dungeon
HQ	TRAINER_SCIENTIST_DARRIUS	Scientist Darrius	MAP_HEADER_GALACTIC_HQ_2F	LOCALID_SCIENTIST_DARRIUS	no	gauntlet	galactic_hq: 2F			1	2.3		multi-floor dungeon
HQ	TRAINER_SCIENTIST_FREDRICK	Scientist Fredrick	MAP_HEADER_GALACTIC_HQ_1F	LOCALID_SCIENTIST_FREDRICK	no	gauntlet	galactic_hq: 1F			2	3.9		multi-floor dungeon
Galactic	TRAINER_GALACTIC_GRUNT_MT_CORONET_3F_1	Galactic Grunt	MAP_HEADER_MT_CORONET_3F	LOCALID_GALACTIC_GRUNT_1	no	gauntlet	mt_coronet: 3F, 4F and Somnu on 5F			1	2.3		multi-floor dungeon
Galactic	TRAINER_GALACTIC_GRUNT_MT_CORONET_4F_1	Galactic Grunt	MAP_HEADER_MT_CORONET_4F_ROOMS_1_AND_2	LOCALID__GALACTIC_GRUNT_1	no	gauntlet	mt_coronet: 3F, 4F and Somnu on 5F			2	3.1		multi-floor dungeon
Galactic	TRAINER_GALACTIC_GRUNT_MT_CORONET_4F_2	Galactic Grunt	MAP_HEADER_MT_CORONET_4F_ROOMS_1_AND_2	LOCALID__GALACTIC_GRUNT_2	no	gauntlet	mt_coronet: 3F, 4F and Somnu on 5F			2	2.7		multi-floor dungeon
Galactic	TRAINER_GALACTIC_GRUNT_MT_CORONET_TUNNEL_ROOM_1	Galactic Grunt	MAP_HEADER_MT_CORONET_1F_TUNNEL_ROOM	LOCALID_GALACTIC_GRUNT_MT_CORONET_TUNNEL_ROOM_1	no	gauntlet	mt_coronet: 1F's tunnel			2	2.4		multi-floor dungeon
Galactic	TRAINER_GALACTIC_GRUNT_MT_CORONET_TUNNEL_ROOM_2	Galactic Grunt	MAP_HEADER_MT_CORONET_1F_TUNNEL_ROOM	LOCALID_GALACTIC_GRUNT_MT_CORONET_TUNNEL_ROOM_2	no	gauntlet	mt_coronet: 1F's tunnel			1	2.3		multi-floor dungeon
Galactic	TRAINER_GALACTIC_GRUNT_MT_CORONET_5F_1	Galactic Officer Moira	MAP_HEADER_MT_CORONET_5F	LOCALID_GALACTIC_GRUNT_1	no	none				6	4.9		multi-floor dungeon
Galactic	TRAINER_GALACTIC_GRUNT_SPEAR_PILLAR_1	Galactic Grunt Tyche			no	none				3	4.6		not on a crossing
Galactic	TRAINER_GALACTIC_GRUNT_MT_CORONET_3F_2	Galactic Grunt	MAP_HEADER_MT_CORONET_3F	LOCALID_GALACTIC_GRUNT_2	no	gauntlet	mt_coronet: 3F, 4F and Somnu on 5F			1	2.3		multi-floor dungeon
Galactic	TRAINER_GALACTIC_GRUNT_MT_CORONET_TUNNEL_ROOM_3	Galactic Grunt	MAP_HEADER_MT_CORONET_1F_TUNNEL_ROOM	LOCALID_GALACTIC_GRUNT_MT_CORONET_TUNNEL_ROOM_3	no	gauntlet	mt_coronet: 1F's tunnel			2	2.3		multi-floor dungeon
Galactic	TRAINER_GALACTIC_GRUNT_MT_CORONET_5F_2	Galactic Officer Somnu	MAP_HEADER_MT_CORONET_5F	LOCALID_GALACTIC_GRUNT_2	no	gauntlet	mt_coronet: 3F, 4F and Somnu on 5F			6	3.5		multi-floor dungeon
Galactic	TRAINER_GALACTIC_GRUNT_MT_CORONET_6F	Galactic Officer Hesperid	MAP_HEADER_MT_CORONET_6F	LOCALID_GALACTIC_GRUNT	no	none				6	7.8		multi-floor dungeon
Galactic	TRAINER_GALACTIC_GRUNT_SPEAR_PILLAR_2	Galactic Grunt Hermes			no	none				3	6.3		not on a crossing
Galactic	TRAINER_BIRD_KEEPER_AUDREY	Bird Keeper Audrey	MAP_HEADER_ROUTE_225	LOCALID_BIRD_KEEPER_AUDREY	no	none				3	3.2		off the story path
Galactic	TRAINER_BIRD_KEEPER_GENEVA	Bird Keeper Geneva	MAP_HEADER_ROUTE_226	LOCALID_BIRD_KEEPER_GENEVA	no	reward		ITEM_TM27	1	2	2.8	spare	off the story path
Galactic	TRAINER_BIRD_KEEPER_KRYSTAL	Bird Keeper Krystal	MAP_HEADER_STARK_MOUNTAIN_ROOM_2	LOCALID_BIRD_KEEPER_KRYSTAL	no	none				3	3.7		multi-floor dungeon
Galactic	TRAINER_DRAGON_TAMER_GEOFFREY	Dragon Tamer Geoffrey	MAP_HEADER_ROUTE_225	LOCALID_DRAGON_TAMER_GEOFFREY	no	none				2	2.5		off the story path
Galactic	TRAINER_DRAGON_TAMER_DARIEN	Dragon Tamer Darien	MAP_HEADER_STARK_MOUNTAIN_OUTSIDE	LOCALID_DRAGON_TAMER_DARIEN	no	none				1	2.3		multi-floor dungeon
Galactic	TRAINER_DRAGON_TAMER_KEEGAN	Dragon Tamer Keegan	MAP_HEADER_ROUTE_228	LOCALID_DRAGON_TAMER_KEEGAN	no	none				2	2.4		off the story path
Galactic	TRAINER_DRAGON_TAMER_STANLEY	Dragon Tamer Stanley	MAP_HEADER_ROUTE_226	LOCALID_DRAGON_TAMER_STANLEY	no	none				1	2.3		off the story path
Galactic	TRAINER_DRAGON_TAMER_DRAKE	Dragon Tamer Drake	MAP_HEADER_STARK_MOUNTAIN_ROOM_2	LOCALID_DRAGON_TAMER_DRAKE	no	none				3	3.7		multi-floor dungeon
Galactic	TRAINER_DRAGON_TAMER_KENNY	Dragon Tamer Kenny	MAP_HEADER_STARK_MOUNTAIN_ROOM_2	LOCALID_DRAGON_TAMER_KENNY	no	none				3	4.9		multi-floor dungeon
Galactic	TRAINER_ACE_TRAINER_RODOLFO	Ace Trainer Rodolfo	MAP_HEADER_ROUTE_225	LOCALID_ACE_TRAINER_RODOLFO	no	none				3	3.7		off the story path
Galactic	TRAINER_ACE_TRAINER_SAUL	Ace Trainer Saul	MAP_HEADER_ROUTE_227	LOCALID_ACE_TRAINER_SAUL	no	none				1	2.3		off the story path
Galactic	TRAINER_ACE_TRAINER_JOSE	Ace Trainer Jose	MAP_HEADER_ROUTE_228	LOCALID_ACE_TRAINER_JOSE	no	reward		ITEM_TM58	1	3	3.2	spare	off the story path
Galactic	TRAINER_ACE_TRAINER_FELIX	Ace Trainer Felix	MAP_HEADER_ROUTE_229	LOCALID_ACE_TRAINER_FELIX	no	none				2	2.6		off the story path
Galactic	TRAINER_ACE_TRAINER_QUINN	Ace Trainer Quinn	MAP_HEADER_ROUTE_225	LOCALID_ACE_TRAINER_QUINN	no	reward		ITEM_TM25	1	3	3.2	spare	off the story path
Galactic	TRAINER_ACE_TRAINER_GRAHAM	Ace Trainer Graham	MAP_HEADER_ROUTE_226	LOCALID_ACE_TRAINER_GRAHAM	no	none				3	4.0		off the story path
Galactic	TRAINER_ACE_TRAINER_KEENAN	Ace Trainer Keenan	MAP_HEADER_STARK_MOUNTAIN_ROOM_2	LOCALID_ACE_TRAINER_KEENAN	no	none				3	3.9		multi-floor dungeon
Galactic	TRAINER_ACE_TRAINER_STEFAN	Ace Trainer Stefan	MAP_HEADER_STARK_MOUNTAIN_ROOM_2	LOCALID_ACE_TRAINER_STEFAN	no	none				3	5.3		multi-floor dungeon
Galactic	TRAINER_ACE_TRAINER_SKYLAR	Ace Trainer Skylar	MAP_HEADER_STARK_MOUNTAIN_ROOM_2	LOCALID_ACE_TRAINER_SKYLAR	no	none				3	4.8		multi-floor dungeon
Galactic	TRAINER_ACE_TRAINER_ABEL	Ace Trainer Abel	MAP_HEADER_STARK_MOUNTAIN_ROOM_2	LOCALID_ACE_TRAINER_ABEL	no	none				3	4.4		multi-floor dungeon
Galactic	TRAINER_ACE_TRAINER_DEANNA	Ace Trainer Deanna	MAP_HEADER_ROUTE_225	LOCALID_ACE_TRAINER_DEANNA	no	reward		ITEM_TM01	1	3	3.2	spare	off the story path
Galactic	TRAINER_ACE_TRAINER_MOIRA	Ace Trainer Moira	MAP_HEADER_ROUTE_228	LOCALID_ACE_TRAINER_MOIRA	no	none				3	3.5		off the story path
Galactic	TRAINER_ACE_TRAINER_DANA	Ace Trainer Dana	MAP_HEADER_ROUTE_229	LOCALID_ACE_TRAINER_DANA	no	reward		ITEM_HM07	1	2	2.7	spare	off the story path
Galactic	TRAINER_ACE_TRAINER_MIKAYLA	Ace Trainer Mikayla	MAP_HEADER_ROUTE_227	LOCALID_ACE_TRAINER_MIKAYLA	no	reward		ITEM_HM03	1	3	2.7	spare	off the story path
Galactic	TRAINER_ACE_TRAINER_MEAGAN	Ace Trainer Meagan	MAP_HEADER_ROUTE_228	LOCALID_ACE_TRAINER_MEAGAN	no	reward		ITEM_TM69	1	2	2.6	spare	off the story path
Galactic	TRAINER_ACE_TRAINER_SANDRA	Ace Trainer Sandra	MAP_HEADER_ROUTE_229	LOCALID_ACE_TRAINER_SANDRA	no	none				3	3.6		off the story path
Galactic	TRAINER_ACE_TRAINER_KASSANDRA	Ace Trainer Kassandra	MAP_HEADER_STARK_MOUNTAIN_ROOM_2	LOCALID_ACE_TRAINER_KASSANDRA	no	none				3	3.7		multi-floor dungeon
Galactic	TRAINER_ACE_TRAINER_JASMIN	Ace Trainer Jasmin	MAP_HEADER_STARK_MOUNTAIN_ROOM_2	LOCALID_ACE_TRAINER_JASMIN	no	none				3	3.2		multi-floor dungeon
Galactic	TRAINER_ACE_TRAINER_NATASHA	Ace Trainer Natasha	MAP_HEADER_STARK_MOUNTAIN_ROOM_2	LOCALID_ACE_TRAINER_NATASHA	no	none				3	3.5		multi-floor dungeon
Galactic	TRAINER_ACE_TRAINER_MONIQUE	Ace Trainer Monique	MAP_HEADER_STARK_MOUNTAIN_ROOM_2	LOCALID_ACE_TRAINER_MONIQUE	no	none				3	4.4		multi-floor dungeon
Galactic	TRAINER_PSYCHIC_CORBIN	Psychic Corbin	MAP_HEADER_ROUTE_228	LOCALID_PSYCHIC_CORBIN	no	none				2	3.5		off the story path
Galactic	TRAINER_PSYCHIC_STERLING	Psychic Sterling	MAP_HEADER_STARK_MOUNTAIN_ROOM_2	LOCALID_PSYCHIC_STERLING	no	none				3	5.8		multi-floor dungeon
Galactic	TRAINER_PSYCHIC_DAISY	Psychic Daisy	MAP_HEADER_ROUTE_225	LOCALID_PSYCHIC_DAISY	no	none				2	3.6		off the story path
Galactic	TRAINER_PSYCHIC_CHELSEY	Psychic Chelsey	MAP_HEADER_STARK_MOUNTAIN_ROOM_2	LOCALID_PSYCHIC_CHELSEY	no	none				3	3.6		multi-floor dungeon
Galactic	TRAINER_BLACK_BELT_DAVON	Black Belt Davon	MAP_HEADER_ROUTE_228	LOCALID_BLACK_BELT_DAVON	no	none				3	4.8		off the story path
Galactic	TRAINER_BLACK_BELT_GRIFFIN	Black Belt Griffin	MAP_HEADER_ROUTE_227	LOCALID_BLACK_BELT_GRIFFIN	no	none				2	4.0		off the story path
Galactic	TRAINER_BLACK_BELT_RAY	Black Belt Ray	MAP_HEADER_STARK_MOUNTAIN_ROOM_2	LOCALID_BLACK_BELT_RAY	no	none				3	3.9		multi-floor dungeon
Galactic	TRAINER_BLACK_BELT_JARRETT	Black Belt Jarrett	MAP_HEADER_STARK_MOUNTAIN_ROOM_2	LOCALID_BLACK_BELT_JARRETT	no	none				3	5.4		multi-floor dungeon
Galactic	TRAINER_RANGER_KYLER	Pkmn Ranger Kyler	MAP_HEADER_ROUTE_228	LOCALID_RANGER_KYLER	no	none				3	3.8		off the story path
Galactic	TRAINER_RANGER_DESHAWN	Pkmn Ranger Deshawn	MAP_HEADER_ROUTE_229	LOCALID_RANGER_DESHAWN	no	reward		ITEM_TM21	1	3	2.9	spare	off the story path
Galactic	TRAINER_RANGER_DWAYNE	Pkmn Ranger Dwayne	MAP_HEADER_ROUTE_225	LOCALID_RANGER_DWAYNE	no	none				3	3.3		off the story path
Galactic	TRAINER_RANGER_ASHLEE	Pkmn Ranger Ashlee	MAP_HEADER_ROUTE_225	LOCALID_RANGER_ASHLEE	no	none				3	3.3		off the story path
Galactic	TRAINER_RANGER_FELICIA	Pkmn Ranger Felicia	MAP_HEADER_ROUTE_227	LOCALID_RANGER_FELICIA	no	none				2	2.3		off the story path
Galactic	TRAINER_RANGER_KRISTA	Pkmn Ranger Krista	MAP_HEADER_ROUTE_228	LOCALID_RANGER_KRISTA	no	none				2	3.3		off the story path
Galactic	TRAINER_SWIMMER_GLENN	Swimmer♂ Glenn	MAP_HEADER_ROUTE_230	LOCALID_SWIMMER_GLENN	no	none				2	3.0		off the story path
Galactic	TRAINER_SWIMMER_KURT	Swimmer♂ Kurt	MAP_HEADER_ROUTE_230	LOCALID_SWIMMER_KURT	no	none				2	4.1		off the story path
Galactic	TRAINER_SWIMMER_SAM	Swimmer♂ Sam	MAP_HEADER_ROUTE_230	LOCALID_SWIMMER_SAM	no	reward		ITEM_TM50	1	2	3.0	spare	off the story path
Galactic	TRAINER_SWIMMER_WADE	Swimmer♂ Wade	MAP_HEADER_ROUTE_226	LOCALID_SWIMMER_WADE	no	none				2	2.5		off the story path
Galactic	TRAINER_SWIMMER_JOANNA	Swimmer♀ Joanna	MAP_HEADER_ROUTE_230	LOCALID_SWIMMER_JOANNA	no	none				2	2.3		off the story path
Galactic	TRAINER_SWIMMER_SOPHIA	Swimmer♀ Sophia	MAP_HEADER_ROUTE_230	LOCALID_SWIMMER_SOPHIA	no	none				2	2.5		off the story path
Galactic	TRAINER_SWIMMER_MALLORY	Swimmer♀ Mallory	MAP_HEADER_ROUTE_230	LOCALID_SWIMMER_MALLORY	no	reward		ITEM_TM58	1	2	3.1	spare	off the story path
Galactic	TRAINER_SWIMMER_LYDIA	Swimmer♀ Lydia	MAP_HEADER_ROUTE_226	LOCALID_SWIMMER_LYDIA	no	none				3	3.8		off the story path
Galactic	TRAINER_VETERAN_HARLAN	Veteran Harlan	MAP_HEADER_STARK_MOUNTAIN_ROOM_2	LOCALID_VETERAN_HARLAN	no	none				3	3.1		multi-floor dungeon
Galactic	TRAINER_DUMMY_834	Galactic Officer Argo	MAP_HEADER_MT_CORONET_6F	LOCALID_OBJECT_2	no	none				6	5.3		multi-floor dungeon
Galactic	TRAINER_COMMANDER_MARS_STARK_MOUNTAIN	Commander Mars			no	none				3	2.5		not on a crossing
Galactic	TRAINER_COMMANDER_JUPITER_STARK_MOUNTAIN	Commander Jupiter			no	none				3	2.9		not on a crossing
Volkner	TRAINER_FISHERMAN_BRETT	Fisherman Brett	MAP_HEADER_ROUTE_222	LOCALID_FISHERMAN_BRETT	no	none				1	2.3		avoidable
Volkner	TRAINER_FISHERMAN_ALEC	Fisherman Alec	MAP_HEADER_ROUTE_222	LOCALID_FISHERMAN_ALEC	no	none				2	3.5		avoidable
Volkner	TRAINER_FISHERMAN_GEORGE	Fisherman George	MAP_HEADER_ROUTE_222	LOCALID_FISHERMAN_GEORGE	no	none				2	2.3		avoidable
Volkner	TRAINER_FISHERMAN_COLE	Fisherman Cole	MAP_HEADER_ROUTE_222	LOCALID_FISHERMAN_COLE	no	none				1	2.3		avoidable
Volkner	TRAINER_SAILOR_LUTHER	Sailor Luther	MAP_HEADER_ROUTE_222	LOCALID_SAILOR_LUTHER	yes	none				3	2.8		required
Volkner	TRAINER_ACE_TRAINER_ZACHERY	Ace Trainer Zachery	MAP_HEADER_SUNYSHORE_CITY_GYM_ROOM_3	LOCALID_ACE_TRAINER_ZACHERY	no	none				2	3.6		gym with moving parts
Volkner	TRAINER_ACE_TRAINER_DESTINY	Ace Trainer Destiny	MAP_HEADER_SUNYSHORE_CITY_GYM_ROOM_3	LOCALID_ACE_TRAINER_DESTINY	no	none				2	4.0		gym with moving parts
Volkner	TRAINER_GUITARIST_JERRY	Guitarist Jerry	MAP_HEADER_SUNYSHORE_CITY_GYM_ROOM_2	LOCALID_GUITARIST_JERRY	no	none				2	3.8		gym with moving parts
Volkner	TRAINER_GUITARIST_PRESTON	Guitarist Preston	MAP_HEADER_SUNYSHORE_CITY_GYM_ROOM_3	LOCALID_GUITARIST_PRESTON	no	none				1	2.3		gym with moving parts
Volkner	TRAINER_GUITARIST_LONNIE	Guitarist Lonnie	MAP_HEADER_SUNYSHORE_CITY_GYM_ROOM_3	LOCALID_GUITARIST_LONNIE	no	none				1	2.3		gym with moving parts
Volkner	TRAINER_POKE_KID_MEGHAN	Poké Kid Meghan	MAP_HEADER_SUNYSHORE_CITY_GYM_ROOM_2	LOCALID_POKE_KID_MEGHAN	no	none				2	4.0		gym with moving parts
Volkner	TRAINER_POLICEMAN_THOMAS	Policeman Thomas	MAP_HEADER_ROUTE_222	LOCALID_POLICEMAN_THOMAS	no	none				2	2.3		avoidable
Volkner	TRAINER_RICH_BOY_TREY	Rich Boy Trey	MAP_HEADER_ROUTE_222	LOCALID_RICH_BOY_TREY	no	none				1	2.3		avoidable
Volkner	TRAINER_SAILOR_MARC	Sailor Marc	MAP_HEADER_ROUTE_222	LOCALID_SAILOR_MARC	no	none				1	2.3		avoidable
Volkner	TRAINER_SCHOOL_KID_FORREST	School Kid Forrest	MAP_HEADER_SUNYSHORE_CITY_GYM_ROOM_2	LOCALID_SCHOOL_KID_FORREST	no	none				1	2.3		gym with moving parts
Volkner	TRAINER_SCHOOL_KID_TIERA	School Kid Tiera	MAP_HEADER_SUNYSHORE_CITY_GYM_ROOM_1	LOCALID_SCHOOL_KID_TIERA	no	none				1	2.3		gym with moving parts
Volkner	TRAINER_TUBER_CONNER	Tuber Conner	MAP_HEADER_ROUTE_222	LOCALID_TUBER_CONNER	no	none				1	2.3		avoidable
Volkner	TRAINER_TUBER_HOLLY	Tuber Holly	MAP_HEADER_ROUTE_222	LOCALID_TUBER_HOLLY	no	none				1	2.3		avoidable
Volkner	TRAINER_BEAUTY_NICOLA	Beauty Nicola	MAP_HEADER_ROUTE_222	LOCALID_BEAUTY_NICOLA	no	reward		ITEM_PIXIE_PLATE	1	1	2.3	spare	avoidable
Volkner	TRAINER_POKE_KID_JANET	Poké Kid Janet	MAP_HEADER_ROUTE_222_WEST_HOUSE	LOCALID_POKE_KID_JANET	no	none				2	2.7		off the story path
Barry	TRAINER_SWIMMER_WESLEY	Swimmer♂ Wesley	MAP_HEADER_ROUTE_223	LOCALID_SWIMMER_WESLEY	no	none				2	2.6		avoidable
Barry	TRAINER_SWIMMER_RICARDO	Swimmer♂ Ricardo	MAP_HEADER_ROUTE_223	LOCALID_SWIMMER_RICARDO	no	none				1	2.3		avoidable
Barry	TRAINER_SWIMMER_FRANCISCO	Swimmer♂ Francisco	MAP_HEADER_ROUTE_223	LOCALID_SWIMMER_FRANCISCO	no	none				2	3.0		avoidable
Barry	TRAINER_SWIMMER_COLTON	Swimmer♂ Colton	MAP_HEADER_ROUTE_223	LOCALID_SWIMMER_COLTON	no	none				3	3.4		avoidable
Barry	TRAINER_SWIMMER_TROY	Swimmer♂ Troy	MAP_HEADER_ROUTE_223	LOCALID_SWIMMER_TROY	no	none				1	2.3		avoidable
Barry	TRAINER_SWIMMER_OSCAR	Swimmer♂ Oscar	MAP_HEADER_ROUTE_223	LOCALID_SWIMMER_OSCAR	yes	none				2	3.0		required
Barry	TRAINER_SWIMMER_MIRANDA	Swimmer♀ Miranda	MAP_HEADER_ROUTE_223	LOCALID_SWIMMER_MIRANDA	no	none				1	2.3		avoidable
Barry	TRAINER_SWIMMER_AUBREE	Swimmer♀ Aubree	MAP_HEADER_ROUTE_223	LOCALID_SWIMMER_AUBREE	no	none				2	2.4		avoidable
Barry	TRAINER_SWIMMER_PAIGE	Swimmer♀ Paige	MAP_HEADER_ROUTE_223	LOCALID_SWIMMER_PAIGE	no	none				3	3.2		avoidable
Barry	TRAINER_SWIMMER_CRYSTAL	Swimmer♀ Crystal	MAP_HEADER_ROUTE_223	LOCALID_SWIMMER_CRYSTAL	no	none				2	2.6		avoidable
Barry	TRAINER_SWIMMER_CASSANDRA	Swimmer♀ Cassandra	MAP_HEADER_ROUTE_223	LOCALID_SWIMMER_CASSANDRA	no	none				1	2.3		avoidable
Barry	TRAINER_SWIMMER_GABRIELLE	Swimmer♀ Gabrielle	MAP_HEADER_ROUTE_223	LOCALID_SWIMMER_GABRIELLE	yes	none				1	2.3		required
Barry	TRAINER_ACE_TRAINER_OMAR	Ace Trainer Omar	MAP_HEADER_VICTORY_ROAD_2F	LOCALID_ACE_TRAINER_OMAR	no	gauntlet	victory_road: 2F			3	5.7		multi-floor dungeon
Barry	TRAINER_ACE_TRAINER_HENRY	Ace Trainer Henry	MAP_HEADER_VICTORY_ROAD_B1F	LOCALID_ACE_TRAINER_HENRY	no	gauntlet	victory_road: B1F			3	5.9		multi-floor dungeon
Barry	TRAINER_ACE_TRAINER_MARIAH	Ace Trainer Mariah	MAP_HEADER_VICTORY_ROAD_1F	LOCALID_ACE_TRAINER_MARIAH	no	gauntlet	victory_road: 1F, the half nearer the entrance			3	3.7		multi-floor dungeon
Barry	TRAINER_ACE_TRAINER_SYDNEY	Ace Trainer Sydney	MAP_HEADER_VICTORY_ROAD_2F	LOCALID_ACE_TRAINER_SYDNEY	no	gauntlet	victory_road: 2F			3	2.7		multi-floor dungeon
Barry	TRAINER_VETERAN_EDGAR	Veteran Edgar	MAP_HEADER_VICTORY_ROAD_1F	LOCALID_VETERAN_EDGAR	no	gauntlet	victory_road: 1F, the far half			3	4.2		multi-floor dungeon
Barry	TRAINER_VETERAN_CLAYTON	Veteran Clayton	MAP_HEADER_VICTORY_ROAD_2F	LOCALID_VETERAN_CLAYTON	no	gauntlet	victory_road: 2F			3	4.4		multi-floor dungeon
Barry	TRAINER_DRAGON_TAMER_ONDREJ	Dragon Tamer Ondrej	MAP_HEADER_VICTORY_ROAD_B1F	LOCALID_DRAGON_TAMER_ONDREJ	no	gauntlet	victory_road: B1F			3	3.7		multi-floor dungeon
Barry	TRAINER_DRAGON_TAMER_CLINTON	Dragon Tamer Clinton	MAP_HEADER_VICTORY_ROAD_1F	LOCALID_DRAGON_TAMER_CLINTON	no	gauntlet	victory_road: 1F, the far half			3	4.0		multi-floor dungeon
Barry	TRAINER_BIRD_KEEPER_HANA	Bird Keeper Hana	MAP_HEADER_VICTORY_ROAD_1F	LOCALID_BIRD_KEEPER_HANA	no	gauntlet	victory_road: 1F, the half nearer the entrance			3	3.4		multi-floor dungeon
Barry	TRAINER_PSYCHIC_BRYCE	Psychic Bryce	MAP_HEADER_VICTORY_ROAD_1F	LOCALID_PSYCHIC_BRYCE	no	gauntlet	victory_road: 1F, the half nearer the entrance			3	3.5		multi-floor dungeon
Barry	TRAINER_PSYCHIC_VALENCIA	Psychic Valencia	MAP_HEADER_VICTORY_ROAD_B1F	LOCALID_PSYCHIC_VALENCIA	no	gauntlet	victory_road: B1F			3	3.4		multi-floor dungeon
Barry	TRAINER_DOUBLE_TEAM_JO_AND_PAT	Double Team Jo & Pat	MAP_HEADER_VICTORY_ROAD_B1F	LOCALID_DOUBLE_TEAM_TRAINER_PAT	no	gauntlet	victory_road: B1F			4	4.6		multi-floor dungeon
Barry	TRAINER_DOUBLE_TEAM_AL_AND_KAY	Double Team Al & Kay	MAP_HEADER_VICTORY_ROAD_2F	LOCALID_DOUBLE_TEAM_TRAINER_AL	no	gauntlet	victory_road: 2F			4	3.8		multi-floor dungeon
Barry	TRAINER_BLACK_BELT_MILES	Black Belt Miles	MAP_HEADER_VICTORY_ROAD_1F	LOCALID_BLACK_BELT_MILES	no	gauntlet	victory_road: 1F, the far half			3	4.3		multi-floor dungeon
Barry	TRAINER_SAILOR_ZACHARIAH	Sailor Zachariah	MAP_HEADER_ROUTE_223	LOCALID_SAILOR_ZACHARIAH	no	none				3	3.7		avoidable
Maylene	TRAINER_GAME_CORNER_CHALLENGER	new, the main track creates it	MAP_HEADER_GAME_CORNER		no	reward		ITEM_TM30	2			spare	Ian, 2026-10-06: the gift for ten straight bonus rounds becomes this trainer's
